epoch,step,train_loss,train_mpjpe_3d,val_loss,val_mpjpe_3d,test_mpjpe_3d,test_loss
0,19,5650.01611328125,104.34718322753906,,,,
0,39,3916.368408203125,85.75009155273438,,,,
0,59,4602.87451171875,93.22050476074219,,,,
0,79,4638.466796875,94.54464721679688,,,,
0,99,4032.29443359375,89.36917877197266,,,,
0,119,4923.22607421875,99.8758773803711,,,,
0,139,4533.8525390625,94.70384979248047,,,,
0,159,4687.529296875,97.00492858886719,,,,
0,179,4418.1162109375,94.19470977783203,,,,
0,199,4741.8916015625,97.57652282714844,,,,
0,219,4556.18115234375,96.76984405517578,,,,
0,239,4176.8203125,93.77399444580078,,,,
0,259,4532.634765625,97.72177124023438,,,,
0,279,4602.404296875,98.37065124511719,,,,
0,299,4305.76220703125,95.70030212402344,,,,
0,319,4225.52685546875,95.2449722290039,,,,
0,339,4414.4658203125,97.27082061767578,,,,
0,359,4685.08349609375,102.87699890136719,,,,
0,379,4101.74853515625,94.99662780761719,,,,
0,399,4182.412109375,97.04972839355469,,,,
0,419,3857.20556640625,93.3369140625,,,,
0,439,4143.7548828125,97.88216400146484,,,,
0,446,,,1414.0838623046875,104.21955108642578,,
1,459,2006.69140625,92.43000793457031,,,,
1,479,1422.616455078125,95.83822631835938,,,,
1,499,939.5554809570312,93.5324478149414,,,,
1,519,596.6612548828125,95.58573913574219,,,,
1,539,310.6559143066406,84.85828399658203,,,,
1,559,238.07754516601562,96.08811950683594,,,,
1,579,173.58334350585938,103.74809265136719,,,,
1,599,78.07209777832031,90.60338592529297,,,,
1,619,47.364654541015625,88.08207702636719,,,,
1,639,30.09061622619629,87.13136291503906,,,,
1,659,22.023876190185547,94.5960922241211,,,,
1,679,15.2783203125,83.49468231201172,,,,
1,699,13.669821739196777,89.9239730834961,,,,
1,719,13.173274993896484,92.79899597167969,,,,
1,739,12.329686164855957,83.62338256835938,,,,
1,759,12.426261901855469,89.94235229492188,,,,
1,779,12.566522598266602,91.93112182617188,,,,
1,799,12.175092697143555,80.52960968017578,,,,
1,819,12.38103199005127,92.2844009399414,,,,
1,839,12.18580150604248,83.37511444091797,,,,
1,859,12.057474136352539,84.65958404541016,,,,
1,879,12.395747184753418,88.00704193115234,,,,
1,893,,,4.271107196807861,90.96955871582031,,
2,899,11.942476272583008,76.9255142211914,,,,
2,919,12.024118423461914,81.935302734375,,,,
2,939,11.918465614318848,78.93732452392578,,,,
2,959,11.72956657409668,81.44145202636719,,,,
2,979,12.1109619140625,80.67450714111328,,,,
2,999,11.620199203491211,77.81764221191406,,,,
2,1019,11.79886531829834,77.61265563964844,,,,
2,1039,11.733156204223633,74.48750305175781,,,,
2,1059,11.974601745605469,78.29063415527344,,,,
2,1079,11.815181732177734,76.41901397705078,,,,
2,1099,11.556252479553223,71.56566619873047,,,,
2,1119,11.745052337646484,71.36278533935547,,,,
2,1139,11.80245304107666,76.67235565185547,,,,
2,1159,11.71197509765625,69.94306945800781,,,,
2,1179,11.677959442138672,73.48286437988281,,,,
2,1199,11.666020393371582,69.65799713134766,,,,
2,1219,11.71589183807373,72.13134765625,,,,
2,1239,11.476378440856934,66.85404968261719,,,,
2,1259,11.568660736083984,63.884761810302734,,,,
2,1279,11.46007251739502,67.56195831298828,,,,
2,1299,11.846420288085938,69.64126586914062,,,,
2,1319,11.534212112426758,65.58747863769531,,,,
2,1339,11.414735794067383,63.85576248168945,,,,
2,1340,,,4.1126389503479,68.80004119873047,,
3,1359,11.20312213897705,60.518009185791016,,,,
3,1379,10.808720588684082,50.1590576171875,,,,
3,1399,11.21990966796875,54.973663330078125,,,,
3,1419,11.319670677185059,54.729637145996094,,,,
3,1439,10.885833740234375,49.89707946777344,,,,
3,1459,13.55029296875,51.95024108886719,,,,
3,1479,10.53041934967041,41.81409454345703,,,,
3,1499,10.727925300598145,47.15431594848633,,,,
3,1519,10.70176887512207,43.88222122192383,,,,
3,1539,10.282567024230957,39.042816162109375,,,,
3,1559,10.505563735961914,41.67665481567383,,,,
3,1579,10.250974655151367,38.294185638427734,,,,
3,1599,10.39594841003418,40.38006591796875,,,,
3,1619,9.668127059936523,31.962966918945312,,,,
3,1639,10.339729309082031,35.7452507019043,,,,
3,1659,10.087577819824219,32.70481491088867,,,,
3,1679,10.231435775756836,33.02021026611328,,,,
3,1699,10.104730606079102,34.484317779541016,,,,
3,1719,9.656529426574707,30.298049926757812,,,,
3,1739,10.065584182739258,31.960630416870117,,,,
3,1759,9.723727226257324,30.694435119628906,,,,
3,1779,9.365209579467773,27.749521255493164,,,,
3,1787,,,4.165192127227783,34.27207565307617,,
4,1799,9.455718994140625,27.1171875,,,,
4,1819,9.106072425842285,23.935497283935547,,,,
4,1839,9.59521198272705,27.7791805267334,,,,
4,1859,8.974288940429688,23.877267837524414,,,,
4,1879,34.1546745300293,32.39834976196289,,,,
4,1899,9.519092559814453,28.63582420349121,,,,
4,1919,9.340840339660645,26.10664939880371,,,,
4,1939,9.209186553955078,23.857595443725586,,,,
4,1959,9.482765197753906,28.157684326171875,,,,
4,1979,9.10053539276123,23.967737197875977,,,,
4,1999,8.998421669006348,24.167484283447266,,,,
4,2019,8.989683151245117,23.15562629699707,,,,
4,2039,9.926519393920898,29.143596649169922,,,,
4,2059,9.067882537841797,25.231243133544922,,,,
4,2079,9.341586112976074,26.425418853759766,,,,
4,2099,8.992103576660156,23.613874435424805,,,,
4,2119,9.289432525634766,26.837560653686523,,,,
4,2139,8.690664291381836,21.474288940429688,,,,
4,2159,8.943313598632812,23.577213287353516,,,,
4,2179,8.463665008544922,21.021881103515625,,,,
4,2199,9.076665878295898,23.728742599487305,,,,
4,2219,8.505754470825195,20.321861267089844,,,,
4,2234,,,4.804479598999023,29.632339477539062,,
5,2239,9.047651290893555,22.368165969848633,,,,
5,2259,9.003341674804688,23.42960548400879,,,,
5,2279,8.859240531921387,23.073209762573242,,,,
5,2299,8.485844612121582,19.735889434814453,,,,
5,2319,8.90179443359375,23.140642166137695,,,,
5,2339,8.552257537841797,20.05495834350586,,,,
5,2359,8.531291961669922,19.673301696777344,,,,
5,2379,8.637036323547363,19.027252197265625,,,,
5,2399,8.793676376342773,20.4750919342041,,,,
5,2419,8.28079605102539,18.12088394165039,,,,
5,2439,8.207047462463379,19.40153694152832,,,,
5,2459,10.3125581741333,19.846147537231445,,,,
5,2479,8.64565658569336,19.12548065185547,,,,
5,2499,8.275856018066406,17.002206802368164,,,,
5,2519,8.015604019165039,15.909872055053711,,,,
5,2539,8.438074111938477,17.8581485748291,,,,
5,2559,8.48690128326416,19.361967086791992,,,,
5,2579,8.617459297180176,18.976158142089844,,,,
5,2599,8.200583457946777,18.215648651123047,,,,
5,2619,8.032028198242188,15.3635892868042,,,,
5,2639,8.032886505126953,16.171817779541016,,,,
5,2659,8.260695457458496,16.27581024169922,,,,
5,2679,9.000038146972656,16.766080856323242,,,,
5,2681,,,5.5568037033081055,27.444961547851562,,
6,2699,7.832494258880615,15.727755546569824,,,,
6,2719,8.228901863098145,16.9882869720459,,,,
6,2739,7.9686431884765625,15.4703369140625,,,,
6,2759,7.466864585876465,13.369609832763672,,,,
6,2779,7.942307472229004,14.5728759765625,,,,
6,2799,7.501996040344238,13.529057502746582,,,,
6,2819,8.090483665466309,17.34949493408203,,,,
6,2839,7.67490291595459,13.758163452148438,,,,
6,2859,7.680083274841309,13.561766624450684,,,,
6,2879,8.187957763671875,17.390220642089844,,,,
6,2899,8.008678436279297,16.14665985107422,,,,
6,2919,7.94694709777832,15.24555778503418,,,,
6,2939,7.55126953125,14.267546653747559,,,,
6,2959,8.340360641479492,15.24145221710205,,,,
6,2979,8.172592163085938,15.00537395477295,,,,
6,2999,7.913618087768555,14.740880012512207,,,,
6,3019,7.6964521408081055,15.26880168914795,,,,
6,3039,7.536933898925781,13.08400821685791,,,,
6,3059,7.7867279052734375,13.793758392333984,,,,
6,3079,7.4077301025390625,11.772353172302246,,,,
6,3099,7.307849884033203,12.376699447631836,,,,
6,3119,7.575619697570801,14.128925323486328,,,,
6,3128,,,7.010859489440918,24.649194717407227,,
7,3139,8.890514373779297,16.157493591308594,,,,
7,3159,7.327976226806641,11.950994491577148,,,,
7,3179,7.362932205200195,12.313067436218262,,,,
7,3199,7.655421733856201,14.000340461730957,,,,
7,3219,7.42397928237915,11.977198600769043,,,,
7,3239,7.711448669433594,14.500198364257812,,,,
7,3259,7.168341636657715,11.719793319702148,,,,
7,3279,7.458874702453613,12.642685890197754,,,,
7,3299,7.555229187011719,14.02349853515625,,,,
7,3319,7.51676082611084,13.468880653381348,,,,
7,3339,7.324926376342773,11.232003211975098,,,,
7,3359,7.341403484344482,12.502427101135254,,,,
7,3379,7.555638313293457,13.456961631774902,,,,
7,3399,7.115048885345459,10.926429748535156,,,,
7,3419,7.300338268280029,12.432366371154785,,,,
7,3439,7.1317548751831055,11.694864273071289,,,,
7,3459,6.964363098144531,11.389788627624512,,,,
7,3479,7.670623302459717,13.540251731872559,,,,
7,3499,6.948421478271484,10.06411075592041,,,,
7,3519,7.379581451416016,11.664587020874023,,,,
7,3539,6.762941360473633,9.9935941696167,,,,
7,3559,7.0349812507629395,11.383037567138672,,,,
7,3575,,,8.167695999145508,23.5933895111084,,
8,3579,7.0176239013671875,10.146831512451172,,,,
8,3599,7.24269962310791,11.972881317138672,,,,
8,3619,6.898988723754883,10.862630844116211,,,,
8,3639,7.052391052246094,11.074706077575684,,,,
8,3659,7.505606651306152,11.59396743774414,,,,
8,3679,7.568265914916992,13.147427558898926,,,,
8,3699,7.173856735229492,10.166683197021484,,,,
8,3719,7.22397518157959,11.777260780334473,,,,
8,3739,7.426877975463867,11.153688430786133,,,,
8,3759,7.116418838500977,10.945149421691895,,,,
8,3779,6.730930328369141,9.757772445678711,,,,
8,3799,7.050626277923584,10.6773681640625,,,,
8,3819,7.188325881958008,11.317596435546875,,,,
8,3839,6.761549472808838,9.686159133911133,,,,
8,3859,6.881333351135254,10.347286224365234,,,,
8,3879,7.212830066680908,11.641380310058594,,,,
8,3899,6.961505889892578,9.870721817016602,,,,
8,3919,6.750317096710205,9.62185287475586,,,,
8,3939,6.547192573547363,8.575362205505371,,,,
8,3959,6.537772178649902,9.680079460144043,,,,
8,3979,7.249993801116943,11.128211975097656,,,,
8,3999,6.780909538269043,9.95804214477539,,,,
8,4019,6.943809509277344,10.106451034545898,,,,
8,4022,,,9.848885536193848,23.22195053100586,,
9,4039,7.063887596130371,11.101507186889648,,,,
9,4059,7.345709800720215,11.344008445739746,,,,
9,4079,7.011661529541016,10.020220756530762,,,,
9,4099,7.337362289428711,11.255480766296387,,,,
9,4119,6.680973052978516,9.088380813598633,,,,
9,4139,6.9026265144348145,9.98594856262207,,,,
9,4159,6.616666793823242,9.3018217086792,,,,
9,4179,7.207324981689453,10.864779472351074,,,,
9,4199,6.778630256652832,9.570021629333496,,,,
9,4219,7.049183368682861,10.400551795959473,,,,
9,4239,6.761463165283203,9.409163475036621,,,,
9,4259,6.740996360778809,9.54757308959961,,,,
9,4279,6.8322038650512695,9.926033973693848,,,,
9,4299,7.213457107543945,11.045340538024902,,,,
9,4319,7.143795013427734,10.814921379089355,,,,
9,4339,6.9719672203063965,9.376362800598145,,,,
9,4359,6.9486494064331055,10.328380584716797,,,,
9,4379,6.731637954711914,9.906111717224121,,,,
9,4399,7.179647445678711,10.532629013061523,,,,
9,4419,6.4287614822387695,8.815402030944824,,,,
9,4439,6.674796104431152,8.668116569519043,,,,
9,4459,7.3280029296875,10.710657119750977,,,,
9,4469,,,10.2728853225708,22.79659080505371,,
10,4479,6.767182350158691,9.81718635559082,,,,
10,4499,6.875547409057617,9.743850708007812,,,,
10,4519,6.909422397613525,9.402271270751953,,,,
10,4539,6.360130310058594,7.84326696395874,,,,
10,4559,6.5649261474609375,9.864026069641113,,,,
10,4579,6.2935309410095215,8.34987735748291,,,,
10,4599,6.419503211975098,8.754055976867676,,,,
10,4619,7.355491638183594,11.707127571105957,,,,
10,4639,6.791494369506836,9.876026153564453,,,,
10,4659,6.699526309967041,9.396093368530273,,,,
10,4679,6.609012603759766,8.79726505279541,,,,
10,4699,7.17746639251709,11.186930656433105,,,,
10,4719,6.2560224533081055,7.736688613891602,,,,
10,4739,7.030786514282227,9.577530860900879,,,,
10,4759,7.137686729431152,11.410286903381348,,,,
10,4779,6.681324481964111,9.591042518615723,,,,
10,4799,6.563337802886963,8.907205581665039,,,,
10,4819,6.36592435836792,8.229602813720703,,,,
10,4839,6.827600479125977,10.117827415466309,,,,
10,4859,6.188907623291016,7.700016021728516,,,,
10,4879,6.561922073364258,8.543092727661133,,,,
10,4899,7.6994242668151855,10.566924095153809,,,,
10,4916,,,9.148802757263184,22.725833892822266,,
11,4919,6.354496002197266,8.462069511413574,,,,
11,4939,6.387938499450684,8.614754676818848,,,,
11,4959,6.401505947113037,8.625186920166016,,,,
11,4979,6.332025051116943,7.911929130554199,,,,
11,4999,6.746363639831543,9.361268997192383,,,,
11,5019,6.612435340881348,8.965569496154785,,,,
11,5039,6.774480819702148,9.633170127868652,,,,
11,5059,6.674769401550293,9.172505378723145,,,,
11,5079,6.644299507141113,9.741776466369629,,,,
11,5099,6.52982234954834,9.154348373413086,,,,
11,5119,6.330363750457764,7.750758647918701,,,,
11,5139,6.566705226898193,8.89521312713623,,,,
11,5159,6.393416881561279,7.969213962554932,,,,
11,5179,6.037721633911133,7.453077793121338,,,,
11,5199,6.829549789428711,8.94911003112793,,,,
11,5219,6.697322845458984,8.969281196594238,,,,
11,5239,6.426852226257324,9.267267227172852,,,,
11,5259,6.422224521636963,8.197185516357422,,,,
11,5279,6.909243583679199,9.435989379882812,,,,
11,5299,7.189121246337891,11.297926902770996,,,,
11,5319,6.710817337036133,8.629836082458496,,,,
11,5339,6.458000659942627,8.340493202209473,,,,
11,5359,6.23964786529541,8.143529891967773,,,,
11,5363,,,8.605293273925781,22.838436126708984,,
12,5379,6.0092339515686035,6.9228010177612305,,,,
12,5399,6.530364990234375,8.927630424499512,,,,
12,5419,6.249083042144775,8.338658332824707,,,,
12,5439,6.404105186462402,8.488553047180176,,,,
12,5459,6.850502014160156,10.023835182189941,,,,
12,5479,6.411913871765137,8.664215087890625,,,,
12,5499,49.80232620239258,16.136747360229492,,,,
12,5519,6.435018539428711,8.334955215454102,,,,
12,5539,6.339956283569336,7.643374443054199,,,,
12,5559,6.321229934692383,7.917354106903076,,,,
12,5579,6.085055351257324,7.669680595397949,,,,
12,5599,6.386107444763184,7.819950580596924,,,,
12,5619,6.336668968200684,8.58836555480957,,,,
12,5639,6.446451187133789,8.417861938476562,,,,
12,5659,6.22662878036499,7.742753028869629,,,,
12,5679,6.391124248504639,8.329809188842773,,,,
12,5699,6.175837993621826,7.942750453948975,,,,
12,5719,5.772193431854248,6.548275470733643,,,,
12,5739,6.460984706878662,8.074799537658691,,,,
12,5759,6.213603973388672,7.705745220184326,,,,
12,5779,6.4465718269348145,7.848457336425781,,,,
12,5799,6.499531269073486,8.426399230957031,,,,
12,5810,,,10.314897537231445,22.832822799682617,,
13,5819,6.095346927642822,7.713190078735352,,,,
13,5839,5.847233772277832,6.628470420837402,,,,
13,5859,23.767078399658203,9.805922508239746,,,,
13,5879,6.350866317749023,8.495201110839844,,,,
13,5899,6.216115951538086,7.236433029174805,,,,
13,5919,6.324368476867676,8.253108978271484,,,,
13,5939,6.290433406829834,7.835517883300781,,,,
13,5959,6.4277753829956055,8.810773849487305,,,,
13,5979,6.510083198547363,8.949506759643555,,,,
13,5999,5.9353861808776855,7.374906539916992,,,,
13,6019,276.8355712890625,23.203927993774414,,,,
13,6039,6.21714973449707,7.4107770919799805,,,,
13,6059,6.969707489013672,9.311396598815918,,,,
13,6079,5.841351509094238,6.672718524932861,,,,
13,6099,6.574558258056641,8.469429016113281,,,,
13,6119,6.722846031188965,9.40679931640625,,,,
13,6139,6.352561950683594,8.08824634552002,,,,
13,6159,6.035774230957031,7.073391914367676,,,,
13,6179,6.587133884429932,8.6929931640625,,,,
13,6199,5.976630687713623,6.958712577819824,,,,
13,6219,6.407314300537109,8.3005952835083,,,,
13,6239,6.169855117797852,7.598573207855225,,,,
13,6257,,,9.820392608642578,22.303449630737305,,
14,6259,6.272729396820068,7.939731597900391,,,,
14,6279,5.846746444702148,6.535279273986816,,,,
14,6299,5.864351749420166,6.623036861419678,,,,
14,6319,6.051466941833496,7.711185932159424,,,,
14,6339,5.8484086990356445,6.96088981628418,,,,
14,6359,6.377438545227051,7.989990234375,,,,
14,6379,6.37457275390625,7.908843517303467,,,,
14,6399,6.501669883728027,8.525177001953125,,,,
14,6419,6.812478065490723,9.78894329071045,,,,
14,6439,6.1894426345825195,7.663516998291016,,,,
14,6459,6.380589485168457,7.944849014282227,,,,
14,6479,6.048957824707031,7.2622857093811035,,,,
14,6499,5.956270694732666,6.88021993637085,,,,
14,6519,8.156249046325684,10.669119834899902,,,,
14,6539,6.2894415855407715,7.955273628234863,,,,
14,6559,6.298730850219727,7.796116352081299,,,,
14,6579,262.7405700683594,21.888431549072266,,,,
14,6599,6.215946197509766,7.46475076675415,,,,
14,6619,5.933254718780518,7.588266372680664,,,,
14,6639,6.113608360290527,7.596601963043213,,,,
14,6659,6.358217239379883,7.878066539764404,,,,
14,6679,6.586831092834473,8.320927619934082,,,,
14,6699,6.17420768737793,7.656761646270752,,,,
14,6704,,,10.386059761047363,22.389169692993164,,
15,6719,5.909560203552246,6.871859550476074,,,,
15,6739,6.131399154663086,7.3723249435424805,,,,
15,6759,68.35408020019531,15.253006935119629,,,,
15,6779,5.9152703285217285,6.612026691436768,,,,
15,6799,6.10545015335083,7.22636079788208,,,,
15,6819,6.6169891357421875,9.190929412841797,,,,
15,6839,5.814724445343018,6.684348106384277,,,,
15,6859,6.085111618041992,6.875085830688477,,,,
15,6879,5.991073131561279,7.260903835296631,,,,
15,6899,5.87136173248291,6.98489236831665,,,,
15,6919,6.022953033447266,7.344390869140625,,,,
15,6939,5.867031097412109,6.661701202392578,,,,
15,6959,6.181875228881836,7.539602279663086,,,,
15,6979,6.089310646057129,7.094832897186279,,,,
15,6999,6.495821475982666,8.834627151489258,,,,
15,7019,6.155828475952148,7.35024881362915,,,,
15,7039,6.206363677978516,8.270537376403809,,,,
15,7059,6.024019718170166,7.552792549133301,,,,
15,7079,6.1137895584106445,7.674424171447754,,,,
15,7099,6.57930850982666,8.871599197387695,,,,
15,7119,5.930002212524414,6.9438958168029785,,,,
15,7139,6.404168128967285,8.262750625610352,,,,
15,7151,,,11.018590927124023,21.51291275024414,,
16,7159,6.119438648223877,7.413748741149902,,,,
16,7179,5.692814826965332,6.340717792510986,,,,
16,7199,6.390844821929932,7.1949462890625,,,,
16,7219,5.986472129821777,7.070503234863281,,,,
16,7239,5.696867942810059,6.119075298309326,,,,
16,7259,5.8315629959106445,6.367295742034912,,,,
16,7279,6.541965007781982,8.704300880432129,,,,
16,7299,5.9173583984375,6.863164901733398,,,,
16,7319,5.7259416580200195,6.3497700691223145,,,,
16,7339,6.397186279296875,8.512447357177734,,,,
16,7359,6.04238224029541,7.371363639831543,,,,
16,7379,5.784421920776367,6.23095703125,,,,
16,7399,6.130705833435059,7.429304599761963,,,,
16,7419,5.867294788360596,6.678779125213623,,,,
16,7439,5.6694817543029785,6.594852447509766,,,,
16,7459,6.248099327087402,8.022644996643066,,,,
16,7479,5.909408092498779,7.170774936676025,,,,
16,7499,5.895092010498047,6.868158340454102,,,,
16,7519,6.469097137451172,7.540666103363037,,,,
16,7539,5.89725399017334,6.887720108032227,,,,
16,7559,6.0853190422058105,7.291660308837891,,,,
16,7579,5.95251989364624,7.4006829261779785,,,,
16,7598,,,17.09340476989746,22.526935577392578,,
17,7599,5.814864158630371,6.830718994140625,,,,
17,7619,5.803229808807373,6.635087013244629,,,,
17,7639,5.629584312438965,6.220187187194824,,,,
17,7659,6.252282619476318,7.558379650115967,,,,
17,7679,5.454435348510742,5.9524030685424805,,,,
17,7699,5.965760707855225,7.125436305999756,,,,
17,7719,5.717095851898193,6.328036308288574,,,,
17,7739,252.66006469726562,22.9611759185791,,,,
17,7759,5.818309783935547,6.727591514587402,,,,
17,7779,5.851153373718262,6.760851860046387,,,,
17,7799,5.612223148345947,6.282115459442139,,,,
17,7819,6.12721061706543,7.614711284637451,,,,
17,7839,6.279429912567139,7.89947509765625,,,,
17,7859,5.448980808258057,5.98999547958374,,,,
17,7879,5.634157180786133,6.063923358917236,,,,
17,7899,5.60124397277832,6.020431995391846,,,,
17,7919,5.7396650314331055,6.611141681671143,,,,
17,7939,6.317134857177734,7.492049694061279,,,,
17,7959,5.8298258781433105,7.003030300140381,,,,
17,7979,6.096857070922852,7.433518409729004,,,,
17,7999,5.794388771057129,6.7996826171875,,,,
17,8019,5.89618444442749,6.569386959075928,,,,
17,8039,5.717223167419434,6.054691791534424,,,,
17,8045,,,13.289112091064453,21.626264572143555,,
18,8059,5.969606876373291,6.650608539581299,,,,
18,8079,5.614123344421387,6.573249340057373,,,,
18,8099,5.903133869171143,7.068385601043701,,,,
18,8119,6.010380744934082,7.079109191894531,,,,
18,8139,5.756780624389648,6.680573463439941,,,,
18,8159,6.248059272766113,7.4162774085998535,,,,
18,8179,72.27474212646484,13.935954093933105,,,,
18,8199,5.691117286682129,6.684759140014648,,,,
18,8219,6.197911262512207,8.094615936279297,,,,
18,8239,5.483640193939209,5.8408613204956055,,,,
18,8259,5.830583572387695,16.422103881835938,,,,
18,8279,6.076626300811768,7.26193380355835,,,,
18,8299,287.081298828125,21.606290817260742,,,,
18,8319,6.079879283905029,7.068073749542236,,,,
18,8339,5.473020076751709,6.0871076583862305,,,,
18,8359,5.841496467590332,6.918871879577637,,,,
18,8379,5.945346832275391,6.7734055519104,,,,
18,8399,5.842503547668457,6.837608814239502,,,,
18,8419,6.104678153991699,7.949698448181152,,,,
18,8439,5.8546576499938965,6.480493545532227,,,,
18,8459,5.565473556518555,6.083207130432129,,,,
18,8479,5.868893146514893,6.9145050048828125,,,,
18,8492,,,12.956613540649414,21.812257766723633,,
19,8499,5.510919570922852,6.337182998657227,,,,
19,8519,6.026547908782959,7.738772392272949,,,,
19,8539,5.866826057434082,6.956390380859375,,,,
19,8559,5.775082588195801,6.817128658294678,,,,
19,8579,5.89746618270874,6.671685695648193,,,,
19,8599,5.886902332305908,6.446921348571777,,,,
19,8619,5.867079734802246,6.841119766235352,,,,
19,8639,6.204310417175293,7.727065563201904,,,,
19,8659,6.034197807312012,7.199092388153076,,,,
19,8679,5.570559978485107,6.303851127624512,,,,
19,8699,6.017172813415527,6.933524131774902,,,,
19,8719,6.677194595336914,8.880496978759766,,,,
19,8739,6.080096244812012,7.248892784118652,,,,
19,8759,5.793956756591797,6.507941722869873,,,,
19,8779,5.394878387451172,5.720769882202148,,,,
19,8799,5.957404136657715,6.666129112243652,,,,
19,8819,5.625332832336426,6.188601493835449,,,,
19,8839,5.714272499084473,6.389402866363525,,,,
19,8859,5.71784782409668,6.42777156829834,,,,
19,8879,5.724701881408691,6.4493279457092285,,,,
19,8899,5.861086845397949,6.650847911834717,,,,
19,8919,5.393538475036621,5.664280414581299,,,,
19,8939,5.623231410980225,6.024842739105225,,,,
19,8939,,,14.195337295532227,21.765085220336914,,
20,8959,174.02920532226562,32.97562789916992,,,,
20,8979,5.652122974395752,6.763570785522461,,,,
20,8999,5.690652370452881,7.13212251663208,,,,
20,9019,5.544814109802246,6.132429122924805,,,,
20,9039,5.661043167114258,6.440605640411377,,,,
20,9059,5.537502288818359,6.372203350067139,,,,
20,9079,5.667932510375977,6.2040696144104,,,,
20,9099,5.663537979125977,6.281813144683838,,,,
20,9119,6.268294811248779,7.6207990646362305,,,,
20,9139,5.714753150939941,6.7317609786987305,,,,
20,9159,5.604677200317383,6.117680072784424,,,,
20,9179,5.748826026916504,6.789969444274902,,,,
20,9199,5.598643779754639,6.1025190353393555,,,,
20,9219,6.028905868530273,7.02798318862915,,,,
20,9239,5.760295867919922,6.725378036499023,,,,
20,9259,5.5901336669921875,6.0141167640686035,,,,
20,9279,5.51078987121582,6.004353046417236,,,,
20,9299,5.695126533508301,6.185944557189941,,,,
20,9319,5.465191841125488,5.97022819519043,,,,
20,9339,5.357458114624023,5.676642894744873,,,,
20,9359,6.217285633087158,6.920099258422852,,,,
20,9379,5.7823944091796875,6.450186729431152,,,,
20,9386,,,15.771570205688477,22.27594566345215,,
21,9399,5.3310065269470215,5.689752101898193,,,,
21,9419,5.521866321563721,6.174779415130615,,,,
21,9439,5.735062122344971,6.293869972229004,,,,
21,9459,5.759385108947754,6.184703350067139,,,,
21,9479,5.612007141113281,6.63156270980835,,,,
21,9499,5.120220184326172,5.31417179107666,,,,
21,9519,5.563848495483398,6.118720054626465,,,,
21,9539,5.623663902282715,6.115538120269775,,,,
21,9559,5.604110240936279,6.289876461029053,,,,
21,9579,5.930359840393066,7.693876266479492,,,,
21,9599,5.499262809753418,6.161940097808838,,,,
21,9619,5.510110378265381,6.03239631652832,,,,
21,9639,5.826946258544922,6.862990856170654,,,,
21,9659,6.393955230712891,7.8063530921936035,,,,
21,9679,5.829011917114258,6.493337154388428,,,,
21,9699,5.639127731323242,6.3396172523498535,,,,
21,9719,5.740060806274414,6.5728373527526855,,,,
21,9739,5.743687629699707,6.859768867492676,,,,
21,9759,6.065598964691162,7.19277811050415,,,,
21,9779,5.597563743591309,6.398133754730225,,,,
21,9799,5.711605072021484,6.067399501800537,,,,
21,9819,5.445660591125488,5.7405805587768555,,,,
21,9833,,,13.170875549316406,22.500844955444336,,
22,9839,29.611534118652344,8.827048301696777,,,,
22,9859,5.999988555908203,7.907948970794678,,,,
22,9879,5.961603164672852,7.044744491577148,,,,
22,9899,5.772835731506348,6.526101589202881,,,,
22,9919,5.7406415939331055,6.524723529815674,,,,
22,9939,6.12578010559082,7.459262847900391,,,,
22,9959,5.601526260375977,6.37415885925293,,,,
22,9979,5.313640594482422,5.901719570159912,,,,
22,9999,5.4728193283081055,5.942946434020996,,,,
22,10019,5.814966678619385,6.638791084289551,,,,
22,10039,5.851461410522461,6.8715009689331055,,,,
22,10059,5.890800476074219,7.0353498458862305,,,,
22,10079,5.398043155670166,5.8894453048706055,,,,
22,10099,5.724517822265625,6.3335723876953125,,,,
22,10119,5.547878742218018,6.06578254699707,,,,
22,10139,5.093993186950684,5.380356311798096,,,,
22,10159,5.931169509887695,6.4654765129089355,,,,
22,10179,5.59693717956543,5.9577789306640625,,,,
22,10199,5.832411289215088,6.533853530883789,,,,
22,10219,5.37064266204834,5.881536960601807,,,,
22,10239,6.271156311035156,7.772647857666016,,,,
22,10259,6.2926836013793945,7.809749126434326,,,,
22,10279,5.579010009765625,6.1945600509643555,,,,
22,10280,,,14.121131896972656,21.409381866455078,,
23,10299,5.530364990234375,6.441452980041504,,,,
23,10319,5.083870887756348,5.090106964111328,,,,
23,10339,5.380507469177246,5.904835224151611,,,,
23,10359,5.371730804443359,5.487415790557861,,,,
23,10379,7.79726505279541,7.990767955780029,,,,
23,10399,5.633739471435547,6.411053657531738,,,,
23,10419,5.581486701965332,6.261173248291016,,,,
23,10439,5.990439414978027,6.887087821960449,,,,
23,10459,5.697845458984375,6.690927505493164,,,,
23,10479,5.323282718658447,5.489058017730713,,,,
23,10499,5.771441459655762,6.960676193237305,,,,
23,10519,5.519026279449463,6.056437969207764,,,,
23,10539,5.282195091247559,5.564874649047852,,,,
23,10559,5.447697639465332,5.922368049621582,,,,
23,10579,5.830479621887207,6.861629009246826,,,,
23,10599,5.471920490264893,5.825267314910889,,,,
23,10619,5.601057529449463,6.072349548339844,,,,
23,10639,5.475550174713135,6.203049659729004,,,,
23,10659,5.591102600097656,6.00983190536499,,,,
23,10679,5.717750072479248,6.668260097503662,,,,
23,10699,5.512350082397461,5.624557018280029,,,,
23,10719,5.755046844482422,6.688075542449951,,,,
23,10727,,,16.13455581665039,21.640338897705078,,
24,10739,5.384171485900879,5.954304218292236,,,,
24,10759,5.4490485191345215,5.923882007598877,,,,
24,10779,5.379387378692627,5.849459171295166,,,,
24,10799,5.416196823120117,5.963341236114502,,,,
24,10819,5.59850549697876,5.907382965087891,,,,
24,10839,5.224545955657959,5.459974765777588,,,,
24,10859,5.460576057434082,5.758630275726318,,,,
24,10879,5.173356056213379,5.372646808624268,,,,
24,10899,5.805847644805908,7.223660469055176,,,,
24,10919,5.6657562255859375,6.443108081817627,,,,
24,10939,7.284722328186035,7.231536388397217,,,,
24,10959,5.815528392791748,6.15969705581665,,,,
24,10979,5.519943714141846,6.936549663543701,,,,
24,10999,5.871273040771484,6.731988906860352,,,,
24,11019,5.504101276397705,6.543233394622803,,,,
24,11039,5.639220237731934,6.23065185546875,,,,
24,11059,5.710420608520508,6.3716511726379395,,,,
24,11079,5.600502967834473,6.25520133972168,,,,
24,11099,5.391022205352783,5.972625255584717,,,,
24,11119,5.200482368469238,5.433588981628418,,,,
24,11139,5.6497955322265625,6.420550346374512,,,,
24,11159,5.449717044830322,5.934150218963623,,,,
24,11174,,,16.597484588623047,22.090682983398438,,
25,11179,5.852810859680176,6.751331329345703,,,,
25,11199,5.220918655395508,6.003881454467773,,,,
25,11219,5.490933418273926,5.885376930236816,,,,
25,11239,5.332370758056641,5.732349872589111,,,,
25,11259,5.543095588684082,5.959286212921143,,,,
25,11279,5.551600456237793,6.081020355224609,,,,
25,11299,5.241977691650391,5.503634452819824,,,,
25,11319,5.128296852111816,5.363952159881592,,,,
25,11339,5.427990436553955,5.868283271789551,,,,
25,11359,5.275694847106934,5.63719367980957,,,,
25,11379,5.583649635314941,6.181241035461426,,,,
25,11399,5.22535514831543,5.439517021179199,,,,
25,11419,5.343226432800293,5.652462959289551,,,,
25,11439,5.198211669921875,5.252796649932861,,,,
25,11459,5.573191165924072,6.134199142456055,,,,
25,11479,5.211941242218018,5.891862392425537,,,,
25,11499,5.3224310874938965,5.632786750793457,,,,
25,11519,5.460451126098633,6.321796417236328,,,,
25,11539,5.597221374511719,6.335140705108643,,,,
25,11559,5.47974967956543,5.890310287475586,,,,
25,11579,5.859804153442383,6.975670337677002,,,,
25,11599,5.448269844055176,6.165454864501953,,,,
25,11619,5.612841606140137,16.271339416503906,,,,
25,11621,,,17.249120712280273,21.354862213134766,,
26,11639,5.3874335289001465,5.7137532234191895,,,,
26,11659,5.654481887817383,6.296868801116943,,,,
26,11679,5.202472686767578,5.331333637237549,,,,
26,11699,5.1350998878479,6.383832931518555,,,,
26,11719,6.022435188293457,7.274096488952637,,,,
26,11739,5.257289409637451,5.236436367034912,,,,
26,11759,5.593474388122559,6.214564800262451,,,,
26,11779,5.421988010406494,5.964294910430908,,,,
26,11799,5.266290187835693,5.479601860046387,,,,
26,11819,5.554684638977051,6.369370460510254,,,,
26,11839,5.5458831787109375,5.9927778244018555,,,,
26,11859,5.234206199645996,5.575228214263916,,,,
26,11879,5.277107238769531,5.386852741241455,,,,
26,11899,5.149543285369873,5.458906173706055,,,,
26,11919,5.621835231781006,6.215052604675293,,,,
26,11939,5.43651819229126,6.636444091796875,,,,
26,11959,5.318448543548584,5.8737664222717285,,,,
26,11979,5.5052409172058105,5.920958042144775,,,,
26,11999,5.38468599319458,6.00858736038208,,,,
26,12019,5.3238525390625,5.886416435241699,,,,
26,12039,5.044832229614258,5.24476432800293,,,,
26,12059,5.143688678741455,5.310271263122559,,,,
26,12068,,,16.254796981811523,21.752595901489258,,
27,12079,5.617908954620361,6.446204662322998,,,,
27,12099,5.194466590881348,5.354218482971191,,,,
27,12119,5.465808868408203,5.887347221374512,,,,
27,12139,5.448035717010498,6.045171737670898,,,,
27,12159,5.1234235763549805,5.4107818603515625,,,,
27,12179,5.029569625854492,5.014928340911865,,,,
27,12199,5.55100154876709,5.820847511291504,,,,
27,12219,5.198156833648682,5.487894058227539,,,,
27,12239,5.6818437576293945,6.7490715980529785,,,,
27,12259,5.5243682861328125,6.088068962097168,,,,
27,12279,5.528602123260498,5.974796772003174,,,,
27,12299,5.432483673095703,6.213598251342773,,,,
27,12319,5.1222429275512695,5.426290035247803,,,,
27,12339,5.3294358253479,5.723721504211426,,,,
27,12359,5.201951503753662,5.3664164543151855,,,,
27,12379,6.110655784606934,7.992866516113281,,,,
27,12399,5.702969074249268,6.492630958557129,,,,
27,12419,5.023073673248291,4.8585357666015625,,,,
27,12439,5.069427013397217,5.311153888702393,,,,
27,12459,5.252009391784668,5.662501811981201,,,,
27,12479,5.412189483642578,5.798725605010986,,,,
27,12499,4.958996772766113,5.258081436157227,,,,
27,12515,,,16.609737396240234,21.327573776245117,,
28,12519,5.246436595916748,5.485323429107666,,,,
28,12539,5.325204849243164,5.707265853881836,,,,
28,12559,5.243484020233154,5.388790130615234,,,,
28,12579,5.60479736328125,6.235560894012451,,,,
28,12599,5.056485176086426,5.1125969886779785,,,,
28,12619,5.230188369750977,5.427571773529053,,,,
28,12639,5.509550094604492,5.810277938842773,,,,
28,12659,5.271190166473389,5.344024181365967,,,,
28,12679,5.587724685668945,6.679906368255615,,,,
28,12699,5.155452251434326,5.171474933624268,,,,
28,12719,5.949702739715576,7.124816417694092,,,,
28,12739,5.601737022399902,6.61491060256958,,,,
28,12759,1689.8856201171875,16.89346694946289,,,,
28,12779,5.210136890411377,5.450170516967773,,,,
28,12799,5.4947967529296875,6.137803077697754,,,,
28,12819,5.171759605407715,5.615108966827393,,,,
28,12839,5.382905006408691,6.079198837280273,,,,
28,12859,5.406636714935303,5.783141613006592,,,,
28,12879,5.535485744476318,6.096604347229004,,,,
28,12899,5.613510608673096,6.021782398223877,,,,
28,12919,5.780084609985352,6.5421366691589355,,,,
28,12939,5.54872465133667,6.131618976593018,,,,
28,12959,5.31967830657959,5.7199883460998535,,,,
28,12962,,,16.991121292114258,21.52552032470703,,
29,12979,5.119636535644531,5.240383625030518,,,,
29,12999,4.841667175292969,5.118310928344727,,,,
29,13019,5.656034469604492,6.172637939453125,,,,
29,13039,4.765982151031494,4.6302900314331055,,,,
29,13059,5.259166717529297,5.6830596923828125,,,,
29,13079,5.034562587738037,5.17701530456543,,,,
29,13099,4.998363971710205,4.978753566741943,,,,
29,13119,5.530135631561279,5.975831508636475,,,,
29,13139,4.983829498291016,4.845381259918213,,,,
29,13159,5.687268257141113,6.284564018249512,,,,
29,13179,68.90040588378906,20.0318546295166,,,,
29,13199,5.202919006347656,6.140681743621826,,,,
29,13219,5.205766201019287,5.391921520233154,,,,
29,13239,5.245166778564453,5.587705135345459,,,,
29,13259,5.422956466674805,5.9361138343811035,,,,
29,13279,5.498522758483887,5.892009258270264,,,,
29,13299,5.322959899902344,5.843570709228516,,,,
29,13319,5.701215744018555,6.0127034187316895,,,,
29,13339,5.500035285949707,5.798268795013428,,,,
29,13359,5.403628349304199,5.972536563873291,,,,
29,13379,27.787471771240234,10.037627220153809,,,,
29,13399,4.927179336547852,5.1103196144104,,,,
29,13409,,,20.47686767578125,21.798843383789062,,
30,13419,5.711276531219482,6.490086078643799,,,,
30,13439,5.336561679840088,5.548023700714111,,,,
30,13459,5.178402423858643,5.175239086151123,,,,
30,13479,5.68729829788208,6.491023063659668,,,,
30,13499,4.841026782989502,4.690515518188477,,,,
30,13519,5.250743865966797,5.957483291625977,,,,
30,13539,5.236936569213867,5.608588218688965,,,,
30,13559,5.5213623046875,5.735258102416992,,,,
30,13579,4.941211700439453,4.977653980255127,,,,
30,13599,5.436558723449707,5.844293117523193,,,,
30,13619,5.239152908325195,5.344572067260742,,,,
30,13639,5.342764854431152,5.828278064727783,,,,
30,13659,4.916804790496826,4.564484596252441,,,,
30,13679,5.515363693237305,6.122972011566162,,,,
30,13699,5.374085903167725,5.829104423522949,,,,
30,13719,5.113810062408447,5.8104729652404785,,,,
30,13739,5.1290106773376465,5.392617225646973,,,,
30,13759,5.989946365356445,6.518828868865967,,,,
30,13779,5.160147666931152,5.642299175262451,,,,
30,13799,5.137692451477051,5.511067867279053,,,,
30,13819,5.357665061950684,5.949345111846924,,,,
30,13839,4.961905479431152,5.118180751800537,,,,
30,13856,,,16.933652877807617,21.013851165771484,,
31,13859,4.950458526611328,5.051623344421387,,,,
31,13879,5.35811710357666,5.721665382385254,,,,
31,13899,5.369590759277344,5.7449188232421875,,,,
31,13919,5.057896614074707,5.480648517608643,,,,
31,13939,5.009415626525879,5.035638809204102,,,,
31,13959,4.765616416931152,4.49442195892334,,,,
31,13979,5.329012870788574,5.837836742401123,,,,
31,13999,5.354160308837891,5.756307601928711,,,,
31,14019,5.251547336578369,5.42342472076416,,,,
31,14039,5.279967308044434,5.721381664276123,,,,
31,14059,4.976545333862305,5.08560037612915,,,,
31,14079,4.817348003387451,4.81784200668335,,,,
31,14099,5.6575212478637695,6.491764545440674,,,,
31,14119,5.319260597229004,15.815057754516602,,,,
31,14139,5.743276596069336,6.2080159187316895,,,,
31,14159,5.147732734680176,5.579586505889893,,,,
31,14179,6.117373943328857,6.939608573913574,,,,
31,14199,5.0122504234313965,5.015154838562012,,,,
31,14219,5.382415771484375,5.676799297332764,,,,
31,14239,5.08186674118042,5.5934553146362305,,,,
31,14259,5.281068801879883,5.714723587036133,,,,
31,14279,5.508617877960205,5.867352485656738,,,,
31,14299,4.838369369506836,5.110357761383057,,,,
31,14303,,,20.134689331054688,21.25021743774414,,
32,14319,5.179450035095215,5.3969597816467285,,,,
32,14339,5.04942512512207,5.007388591766357,,,,
32,14359,5.999429702758789,6.398646831512451,,,,
32,14379,4.888693809509277,4.966728687286377,,,,
32,14399,4.943789005279541,5.009283542633057,,,,
32,14419,4.983973503112793,5.001174449920654,,,,
32,14439,5.443324089050293,5.865687847137451,,,,
32,14459,4.9472150802612305,4.869538307189941,,,,
32,14479,5.229342460632324,5.501488208770752,,,,
32,14499,5.437525272369385,5.803580284118652,,,,
32,14519,5.11786413192749,5.2325968742370605,,,,
32,14539,5.242426872253418,5.540151119232178,,,,
32,14559,4.964169025421143,4.9462127685546875,,,,
32,14579,5.161684036254883,5.283032417297363,,,,
32,14599,5.276881217956543,5.438395977020264,,,,
32,14619,5.084259986877441,5.097209453582764,,,,
32,14639,4.918474197387695,5.12946891784668,,,,
32,14659,5.197251319885254,5.404748439788818,,,,
32,14679,5.483542442321777,5.971330165863037,,,,
32,14699,5.855382919311523,5.9721221923828125,,,,
32,14719,5.700769424438477,6.398247241973877,,,,
32,14739,4.986368656158447,4.90854549407959,,,,
32,14750,,,20.60819435119629,21.503164291381836,,
33,14759,5.086906433105469,5.47297477722168,,,,
33,14779,4.902997016906738,5.014186382293701,,,,
33,14799,5.739740371704102,6.342064380645752,,,,
33,14819,5.357325077056885,5.669480800628662,,,,
33,14839,5.770451545715332,6.179669380187988,,,,
33,14859,4.83904504776001,4.879942417144775,,,,
33,14879,4.963714122772217,5.305019855499268,,,,
33,14899,5.1813249588012695,5.634460926055908,,,,
33,14919,5.167560577392578,5.616710186004639,,,,
33,14939,5.244379997253418,5.581470489501953,,,,
33,14959,4.823370933532715,5.013586044311523,,,,
33,14979,5.29891300201416,5.6729607582092285,,,,
33,14999,5.099938869476318,5.517378807067871,,,,
33,15019,5.460974216461182,6.054861068725586,,,,
33,15039,5.307174205780029,5.504935264587402,,,,
33,15059,5.023207664489746,5.072888374328613,,,,
33,15079,5.491764545440674,6.218013286590576,,,,
33,15099,4.820714950561523,4.827311992645264,,,,
33,15119,4.89706563949585,4.767970561981201,,,,
33,15139,5.1056108474731445,5.296576976776123,,,,
33,15159,5.087111949920654,5.133152008056641,,,,
33,15179,5.547404766082764,5.5688090324401855,,,,
33,15197,,,17.307273864746094,21.16376495361328,,
34,15199,4.676290035247803,4.767533779144287,,,,
34,15219,4.974367141723633,5.060245990753174,,,,
34,15239,5.1268768310546875,5.276078701019287,,,,
34,15259,4.9456892013549805,5.063107013702393,,,,
34,15279,5.256089210510254,5.327295303344727,,,,
34,15299,5.079356670379639,5.309891700744629,,,,
34,15319,5.237597465515137,5.263424873352051,,,,
34,15339,5.5566534996032715,6.26621150970459,,,,
34,15359,4.972532749176025,4.979491710662842,,,,
34,15379,5.511290550231934,5.803730487823486,,,,
34,15399,4.982016086578369,5.182582855224609,,,,
34,15419,5.118115425109863,5.105085849761963,,,,
34,15439,5.163235664367676,5.450746059417725,,,,
34,15459,5.067576885223389,5.122402667999268,,,,
34,15479,4.779759407043457,4.9203081130981445,,,,
34,15499,4.893647193908691,4.841897487640381,,,,
34,15519,5.356739521026611,5.61905574798584,,,,
34,15539,6.078162670135498,7.215011119842529,,,,
34,15559,4.777936935424805,4.573622226715088,,,,
34,15579,5.487023830413818,5.9355149269104,,,,
34,15599,5.893918514251709,6.412734508514404,,,,
34,15619,4.988683700561523,4.9987263679504395,,,,
34,15639,4.851836204528809,4.675328254699707,,,,
34,15644,,,19.83024024963379,21.126096725463867,,
35,15659,4.947756767272949,4.952285289764404,,,,
35,15679,5.294550895690918,5.590011119842529,,,,
35,15699,5.294486045837402,5.796107769012451,,,,
35,15719,4.920682907104492,15.11433219909668,,,,
35,15739,5.333183288574219,5.413322925567627,,,,
35,15759,5.175393104553223,5.394840717315674,,,,
35,15779,4.726022720336914,5.305366039276123,,,,
35,15799,4.929828643798828,4.956960201263428,,,,
35,15819,5.018178462982178,5.1328043937683105,,,,
35,15839,5.462434768676758,5.706776142120361,,,,
35,15859,5.027979373931885,5.115350723266602,,,,
35,15879,4.956632137298584,4.9336066246032715,,,,
35,15899,5.136418342590332,5.26027250289917,,,,
35,15919,5.029317855834961,4.938443183898926,,,,
35,15939,5.5037736892700195,5.664259910583496,,,,
35,15959,4.966498374938965,4.948014736175537,,,,
35,15979,5.493196964263916,5.994027137756348,,,,
35,15999,4.762916564941406,4.72382116317749,,,,
35,16019,4.6334004402160645,4.592160224914551,,,,
35,16039,4.976367950439453,4.9915690422058105,,,,
35,16059,5.058554172515869,5.120722770690918,,,,
35,16079,5.305034160614014,5.797794818878174,,,,
35,16091,,,20.016603469848633,21.2233829498291,,
36,16099,4.7825517654418945,4.5299296379089355,,,,
36,16119,5.070362567901611,5.166827201843262,,,,
36,16139,4.717852592468262,4.692950248718262,,,,
36,16159,5.301778793334961,6.069957256317139,,,,
36,16179,5.246026992797852,5.4906907081604,,,,
36,16199,5.146345138549805,5.3944993019104,,,,
36,16219,4.967918872833252,5.136571884155273,,,,
36,16239,5.214700698852539,5.681633949279785,,,,
36,16259,5.992653846740723,6.971500873565674,,,,
36,16279,4.8766632080078125,5.1244916915893555,,,,
36,16299,5.4632463455200195,5.628380298614502,,,,
36,16319,5.026618957519531,5.305536270141602,,,,
36,16339,5.253983974456787,5.699917316436768,,,,
36,16359,4.853975772857666,4.749079704284668,,,,
36,16379,5.067352294921875,5.1792073249816895,,,,
36,16399,5.375124454498291,6.154252052307129,,,,
36,16419,5.45309591293335,6.675622940063477,,,,
36,16439,5.066890239715576,5.385150909423828,,,,
36,16459,4.989959716796875,5.158250331878662,,,,
36,16479,5.071516990661621,5.387722492218018,,,,
36,16499,4.854351043701172,5.154232501983643,,,,
36,16519,4.961513519287109,4.84334135055542,,,,
36,16538,,,18.02234649658203,20.99154281616211,,
37,16539,4.8084917068481445,4.6917829513549805,,,,
37,16559,5.2120161056518555,5.459998607635498,,,,
37,16579,5.112630844116211,5.482576847076416,,,,
37,16599,5.010900497436523,5.289690971374512,,,,
37,16619,4.916370391845703,4.8025665283203125,,,,
37,16639,5.25117826461792,5.555063724517822,,,,
37,16659,4.456203460693359,4.234325885772705,,,,
37,16679,5.211343288421631,5.7733473777771,,,,
37,16699,5.345559120178223,5.908764362335205,,,,
37,16719,5.69669771194458,6.310846328735352,,,,
37,16739,5.060856819152832,5.177265167236328,,,,
37,16759,4.860311985015869,4.697863578796387,,,,
37,16779,4.5529913902282715,4.371367931365967,,,,
37,16799,4.769664764404297,4.751232147216797,,,,
37,16819,5.2090301513671875,5.295348644256592,,,,
37,16839,5.1617865562438965,5.121216773986816,,,,
37,16859,4.544594764709473,4.619297504425049,,,,
37,16879,4.686919689178467,4.509856700897217,,,,
37,16899,4.946688652038574,4.967898845672607,,,,
37,16919,6.165525436401367,6.793023586273193,,,,
37,16939,577.2359619140625,13.516616821289062,,,,
37,16959,4.968295097351074,14.984512329101562,,,,
37,16979,4.618833541870117,4.421473503112793,,,,
37,16985,,,22.953554153442383,21.946474075317383,,
38,16999,4.979780197143555,5.013265132904053,,,,
38,17019,5.223667144775391,5.482275485992432,,,,
38,17039,5.0409016609191895,5.495178699493408,,,,
38,17059,4.830909729003906,4.7637505531311035,,,,
38,17079,5.199451923370361,5.570969104766846,,,,
38,17099,5.147551536560059,5.126281261444092,,,,
38,17119,5.044128894805908,5.227245807647705,,,,
38,17139,5.149667263031006,5.208956718444824,,,,
38,17159,4.959217071533203,4.965082168579102,,,,
38,17179,4.866921424865723,4.822244644165039,,,,
38,17199,4.751031875610352,4.630834579467773,,,,
38,17219,4.673657417297363,4.352189540863037,,,,
38,17239,4.837342262268066,4.790767669677734,,,,
38,17259,4.8965349197387695,4.919206142425537,,,,
38,17279,5.180246353149414,5.553181171417236,,,,
38,17299,4.811892986297607,4.932511806488037,,,,
38,17319,4.897073268890381,4.8267974853515625,,,,
38,17339,4.765469551086426,4.672738075256348,,,,
38,17359,4.7244367599487305,4.420376777648926,,,,
38,17379,4.665761947631836,4.650400638580322,,,,
38,17399,4.708798408508301,4.560277938842773,,,,
38,17419,5.1010918617248535,5.0307416915893555,,,,
38,17432,,,17.726810455322266,20.748838424682617,,
39,17439,4.964162349700928,5.226986885070801,,,,
39,17459,6.000860214233398,6.674453258514404,,,,
39,17479,5.047399997711182,5.698179244995117,,,,
39,17499,4.682631969451904,4.461735248565674,,,,
39,17519,5.071390628814697,5.156176567077637,,,,
39,17539,5.025669097900391,5.098225116729736,,,,
39,17559,4.964483737945557,5.0215606689453125,,,,
39,17579,4.823278427124023,5.183846473693848,,,,
39,17599,4.841611862182617,4.914852619171143,,,,
39,17619,4.688787937164307,4.878291130065918,,,,
39,17639,5.419623374938965,5.4895100593566895,,,,
39,17659,5.146302700042725,5.208409786224365,,,,
39,17679,4.756147384643555,4.7712016105651855,,,,
39,17699,5.279800891876221,5.431945323944092,,,,
39,17719,5.202200889587402,5.207186222076416,,,,
39,17739,5.244927883148193,5.381518840789795,,,,
39,17759,5.1643290519714355,5.7751874923706055,,,,
39,17779,4.678235054016113,4.666377067565918,,,,
39,17799,5.063130855560303,5.0559282302856445,,,,
39,17819,4.970973491668701,5.43299674987793,,,,
39,17839,4.795224189758301,4.654714107513428,,,,
39,17859,4.7680816650390625,4.8484110832214355,,,,
39,17879,4.338013648986816,4.116170406341553,,,,
39,17879,,,20.253997802734375,21.2899169921875,,
40,17899,4.915047645568848,4.989673614501953,,,,
40,17919,4.966477394104004,5.151994705200195,,,,
40,17939,5.18472957611084,5.315916538238525,,,,
40,17959,5.12606143951416,5.305188179016113,,,,
40,17979,4.928520202636719,4.82734489440918,,,,
40,17999,4.879377841949463,4.999038219451904,,,,
40,18019,4.8315558433532715,4.955165386199951,,,,
40,18039,5.7268242835998535,19.941246032714844,,,,
40,18059,4.849675178527832,4.7726287841796875,,,,
40,18079,5.002025127410889,5.080703258514404,,,,
40,18099,4.796806812286377,4.868882179260254,,,,
40,18119,5.340799808502197,5.594823360443115,,,,
40,18139,5.403812885284424,5.743513584136963,,,,
40,18159,4.809262752532959,4.8829145431518555,,,,
40,18179,4.6382222175598145,4.823103427886963,,,,
40,18199,4.98595666885376,14.955718994140625,,,,
40,18219,5.541804790496826,5.904195308685303,,,,
40,18239,4.856464385986328,5.010382652282715,,,,
40,18259,366.0262451171875,13.548174858093262,,,,
40,18279,5.21189022064209,6.495663166046143,,,,
40,18299,5.027871608734131,5.525683403015137,,,,
40,18319,5.203489303588867,5.557268142700195,,,,
40,18326,,,22.18165397644043,21.486974716186523,,
41,18339,5.31480598449707,5.757325172424316,,,,
41,18359,4.6727471351623535,4.449014663696289,,,,
41,18379,4.944189548492432,5.188252925872803,,,,
41,18399,4.508602619171143,4.562586784362793,,,,
41,18419,4.723148822784424,4.841211795806885,,,,
41,18439,4.9240264892578125,4.972362518310547,,,,
41,18459,5.0240678787231445,5.322822093963623,,,,
41,18479,5.196611404418945,5.71394681930542,,,,
41,18499,4.927515029907227,4.885356426239014,,,,
41,18519,5.252705097198486,5.3779616355896,,,,
41,18539,4.940020561218262,5.1491498947143555,,,,
41,18559,4.907617568969727,4.8353495597839355,,,,
41,18579,4.767756938934326,4.654386520385742,,,,
41,18599,4.933163166046143,4.671356201171875,,,,
41,18619,5.508315086364746,5.951546669006348,,,,
41,18639,4.793903827667236,4.58679723739624,,,,
41,18659,4.922089576721191,5.117740154266357,,,,
41,18679,4.718469619750977,4.627603530883789,,,,
41,18699,5.021818161010742,5.439687252044678,,,,
41,18719,5.500219345092773,6.353055000305176,,,,
41,18739,4.888537406921387,4.691849708557129,,,,
41,18759,4.875477313995361,4.809161186218262,,,,
41,18773,,,20.015188217163086,20.909385681152344,,
42,18779,5.537477016448975,5.613010406494141,,,,
42,18799,4.721942901611328,4.623932361602783,,,,
42,18819,5.146055221557617,5.444901943206787,,,,
42,18839,4.786096096038818,4.6246337890625,,,,
42,18859,4.5838470458984375,4.446537494659424,,,,
42,18879,4.653639316558838,4.722573280334473,,,,
42,18899,4.717730522155762,4.660659313201904,,,,
42,18919,4.986108779907227,4.99697208404541,,,,
42,18939,4.756374359130859,4.687965393066406,,,,
42,18959,5.109325408935547,5.3642191886901855,,,,
42,18979,5.067173004150391,5.351229667663574,,,,
42,18999,4.646969318389893,4.392757892608643,,,,
42,19019,4.873226165771484,4.92716121673584,,,,
42,19039,5.145589351654053,5.23866081237793,,,,
42,19059,4.783603191375732,4.812710762023926,,,,
42,19079,4.8551764488220215,5.020037651062012,,,,
42,19099,4.980460166931152,4.994523048400879,,,,
42,19119,5.278778076171875,5.360473155975342,,,,
42,19139,4.8118109703063965,5.338984489440918,,,,
42,19159,5.1519856452941895,5.184223651885986,,,,
42,19179,4.684216499328613,5.250033378601074,,,,
42,19199,4.478704452514648,4.289229393005371,,,,
42,19219,4.870605945587158,4.938009262084961,,,,
42,19220,,,26.124948501586914,21.805233001708984,,
43,19239,5.075514316558838,5.177465438842773,,,,
43,19259,4.749930381774902,4.790790557861328,,,,
43,19279,4.859679222106934,4.8374552726745605,,,,
43,19299,5.248126029968262,5.581969738006592,,,,
43,19319,4.612731456756592,4.304354667663574,,,,
43,19339,4.679535865783691,4.366433620452881,,,,
43,19359,5.22309684753418,5.706002235412598,,,,
43,19379,4.982384204864502,5.30116081237793,,,,
43,19399,4.824645042419434,4.488966941833496,,,,
43,19419,4.723005771636963,4.652830123901367,,,,
43,19439,4.455934047698975,4.229013442993164,,,,
43,19459,4.684459686279297,4.5357818603515625,,,,
43,19479,4.989387512207031,5.122844219207764,,,,
43,19499,5.134298324584961,15.280916213989258,,,,
43,19519,5.067465782165527,5.113317489624023,,,,
43,19539,4.56529426574707,4.5238752365112305,,,,
43,19559,4.622148513793945,4.4836039543151855,,,,
43,19579,4.722248077392578,4.751957416534424,,,,
43,19599,4.827231407165527,4.775265216827393,,,,
43,19619,4.381354331970215,4.0334930419921875,,,,
43,19639,4.71259880065918,4.345552444458008,,,,
43,19659,5.263469219207764,5.7809953689575195,,,,
43,19667,,,17.285493850708008,21.087234497070312,,
44,19679,4.908908843994141,4.936201572418213,,,,
44,19699,4.65028190612793,4.637617111206055,,,,
44,19719,5.0496320724487305,5.231652736663818,,,,
44,19739,4.87861967086792,5.098961353302002,,,,
44,19759,5.36026668548584,5.889575958251953,,,,
44,19779,5.118533134460449,5.270110607147217,,,,
44,19799,115.705810546875,15.535599708557129,,,,
44,19819,5.017919063568115,5.249148368835449,,,,
44,19839,4.752865791320801,4.841264247894287,,,,
44,19859,4.847432613372803,4.809136390686035,,,,
44,19879,4.819918155670166,5.108526706695557,,,,
44,19899,4.813376426696777,5.056808948516846,,,,
44,19919,4.6472039222717285,4.490732192993164,,,,
44,19939,4.886897087097168,5.0819621086120605,,,,
44,19959,5.023155212402344,5.153079032897949,,,,
44,19979,5.228579044342041,5.4069085121154785,,,,
44,19999,4.986886024475098,4.9533843994140625,,,,
44,20019,4.716549873352051,4.572614669799805,,,,
44,20039,4.605978012084961,4.527271270751953,,,,
44,20059,4.9988908767700195,5.048063278198242,,,,
44,20079,4.603803634643555,4.549130439758301,,,,
44,20099,4.897623062133789,5.071437835693359,,,,
44,20114,,,18.52842903137207,21.028888702392578,,
45,20119,4.486352443695068,4.216391086578369,,,,
45,20139,4.811643600463867,4.526056289672852,,,,
45,20159,4.873260498046875,5.120412349700928,,,,
45,20179,4.630733013153076,4.4108195304870605,,,,
45,20199,5.015116214752197,5.354109287261963,,,,
45,20219,4.979964733123779,4.980404853820801,,,,
45,20239,4.646514415740967,4.5227580070495605,,,,
45,20259,4.778675079345703,4.796141147613525,,,,
45,20279,4.8018083572387695,4.5748162269592285,,,,
45,20299,4.842650890350342,4.7636823654174805,,,,
45,20319,5.02291202545166,5.423343181610107,,,,
45,20339,4.79310941696167,4.833037853240967,,,,
45,20359,4.915185928344727,5.085586071014404,,,,
45,20379,4.484498500823975,4.634759902954102,,,,
45,20399,4.909038066864014,4.95901346206665,,,,
45,20419,4.614526748657227,4.298503398895264,,,,
45,20439,5.03054141998291,5.174701690673828,,,,
45,20459,4.363306045532227,4.080740451812744,,,,
45,20479,5.04201078414917,4.956112384796143,,,,
45,20499,5.157647132873535,5.13283634185791,,,,
45,20519,5.382843971252441,5.743321418762207,,,,
45,20539,4.8387956619262695,5.132724285125732,,,,
45,20559,4.933880805969238,4.87565279006958,,,,
45,20561,,,25.312768936157227,21.59746742248535,,
46,20579,4.794654846191406,5.12830924987793,,,,
46,20599,4.888338565826416,5.005134105682373,,,,
46,20619,5.1586689949035645,5.468905448913574,,,,
46,20639,5.351731300354004,5.773342609405518,,,,
46,20659,4.952703952789307,5.067688941955566,,,,
46,20679,4.918430805206299,5.09977388381958,,,,
46,20699,4.774172306060791,4.77233362197876,,,,
46,20719,4.745425701141357,4.753569602966309,,,,
46,20739,4.902884483337402,4.769697189331055,,,,
46,20759,4.927671432495117,4.939661979675293,,,,
46,20779,4.714417934417725,4.732668876647949,,,,
46,20799,5.561877727508545,5.8983917236328125,,,,
46,20819,4.940291404724121,5.486466407775879,,,,
46,20839,5.288321495056152,5.790254592895508,,,,
46,20859,9.43310832977295,6.615036964416504,,,,
46,20879,4.709467887878418,4.707714080810547,,,,
46,20899,4.722204208374023,4.73438024520874,,,,
46,20919,4.559035301208496,4.614688873291016,,,,
46,20939,5.023087501525879,5.142365455627441,,,,
46,20959,4.958330154418945,4.838589668273926,,,,
46,20979,4.819036960601807,4.861767292022705,,,,
46,20999,4.771623134613037,4.7149529457092285,,,,
46,21008,,,25.29839515686035,21.218421936035156,,
47,21019,4.824929237365723,4.938288688659668,,,,
47,21039,4.653420448303223,4.3379082679748535,,,,
47,21059,5.902899742126465,5.61637020111084,,,,
47,21079,4.734675407409668,4.592284202575684,,,,
47,21099,4.748968124389648,4.5698065757751465,,,,
47,21119,4.745527267456055,4.780932903289795,,,,
47,21139,4.772610664367676,14.716333389282227,,,,
47,21159,4.5661845207214355,4.2373576164245605,,,,
47,21179,4.708599090576172,15.012714385986328,,,,
47,21199,4.294992923736572,4.2959303855896,,,,
47,21219,5.037317752838135,5.229251861572266,,,,
47,21239,4.918041706085205,5.028759956359863,,,,
47,21259,4.405675888061523,4.151050567626953,,,,
47,21279,4.875633239746094,5.022764205932617,,,,
47,21299,4.694449424743652,4.823171615600586,,,,
47,21319,4.840742111206055,4.91019344329834,,,,
47,21339,5.063117504119873,5.330244064331055,,,,
47,21359,4.94847297668457,5.0236921310424805,,,,
47,21379,4.398906707763672,4.1505279541015625,,,,
47,21399,4.4624481201171875,4.203214645385742,,,,
47,21419,4.879727363586426,5.043058395385742,,,,
47,21439,4.666316032409668,4.607395648956299,,,,
47,21455,,,24.693119049072266,21.493207931518555,,
48,21459,4.780515670776367,4.852607727050781,,,,
48,21479,4.714374542236328,5.111759185791016,,,,
48,21499,6.684962749481201,7.003888130187988,,,,
48,21519,5.246730327606201,6.236611843109131,,,,
48,21539,5.006821632385254,4.883421421051025,,,,
48,21559,4.7329182624816895,4.7708048820495605,,,,
48,21579,5.240760326385498,5.565928936004639,,,,
48,21599,4.960259437561035,4.794427871704102,,,,
48,21619,4.493629455566406,4.241306304931641,,,,
48,21639,4.535129547119141,4.423619270324707,,,,
48,21659,4.365077972412109,4.17376184463501,,,,
48,21679,4.52653169631958,4.415844440460205,,,,
48,21699,4.9036335945129395,5.027984619140625,,,,
48,21719,4.723365783691406,4.866095542907715,,,,
48,21739,4.393413543701172,3.896092176437378,,,,
48,21759,479.702880859375,12.8892240524292,,,,
48,21779,4.522158622741699,4.150329113006592,,,,
48,21799,4.434088706970215,4.29069185256958,,,,
48,21819,5.065964698791504,5.408170700073242,,,,
48,21839,4.922110557556152,4.946803092956543,,,,
48,21859,5.066756725311279,19.045316696166992,,,,
48,21879,4.480005741119385,4.4764790534973145,,,,
48,21899,4.483774185180664,4.251227378845215,,,,
48,21902,,,23.33495330810547,20.78369140625,,
49,21919,4.726090908050537,4.466507911682129,,,,
49,21939,4.746593475341797,4.7665181159973145,,,,
49,21959,5.017754554748535,5.282766342163086,,,,
49,21979,4.517104625701904,4.486396789550781,,,,
49,21999,4.656763076782227,4.233497619628906,,,,
49,22019,4.365536212921143,4.240180015563965,,,,
49,22039,5.78241491317749,6.962528705596924,,,,
49,22059,4.419294357299805,4.171361446380615,,,,
49,22079,4.552459239959717,4.40397310256958,,,,
49,22099,4.764486789703369,4.650642395019531,,,,
49,22119,4.849783420562744,5.119910717010498,,,,
49,22139,4.763545036315918,4.631336688995361,,,,
49,22159,5.042078018188477,5.230015277862549,,,,
49,22179,27.3475341796875,6.835285186767578,,,,
49,22199,4.790355682373047,4.947418212890625,,,,
49,22219,4.7995195388793945,4.772924423217773,,,,
49,22239,4.581119060516357,4.524940490722656,,,,
49,22259,4.808013439178467,4.767181396484375,,,,
49,22279,4.694550514221191,4.9322638511657715,,,,
49,22299,4.970561981201172,5.038850784301758,,,,
49,22319,5.2941975593566895,5.463937759399414,,,,
49,22339,4.407210826873779,4.062746524810791,,,,
49,22349,,,25.938922882080078,20.914709091186523,,
50,22359,4.77211856842041,5.214408874511719,,,,
50,22379,4.680496692657471,4.592740058898926,,,,
50,22399,93.46363067626953,18.88266372680664,,,,
50,22419,4.616951942443848,4.84478235244751,,,,
50,22439,4.581820487976074,4.680904865264893,,,,
50,22459,4.771079063415527,4.672286510467529,,,,
50,22479,4.841521263122559,4.829067230224609,,,,
50,22499,4.60356330871582,4.534372329711914,,,,
50,22519,4.643447399139404,5.47938871383667,,,,
50,22539,4.402134418487549,4.205850601196289,,,,
50,22559,4.714016914367676,4.985972881317139,,,,
50,22579,5.236322402954102,5.635435581207275,,,,
50,22599,4.6624016761779785,4.685024738311768,,,,
50,22619,4.316367149353027,4.165638446807861,,,,
50,22639,4.873331546783447,4.751965045928955,,,,
50,22659,4.447104454040527,4.374866962432861,,,,
50,22679,36.23662567138672,8.653299331665039,,,,
50,22699,4.503425598144531,4.340015888214111,,,,
50,22719,4.918495178222656,5.112755298614502,,,,
50,22739,4.628090858459473,4.50502872467041,,,,
50,22759,4.64902400970459,4.728545188903809,,,,
50,22779,4.6728129386901855,4.8351149559021,,,,
50,22796,,,28.286293029785156,21.219831466674805,,
51,22799,5.155766487121582,5.305903911590576,,,,
51,22819,4.698350429534912,4.88043212890625,,,,
51,22839,4.805368900299072,4.670961856842041,,,,
51,22859,4.551076412200928,4.302097797393799,,,,
51,22879,4.6677680015563965,4.66965913772583,,,,
51,22899,4.510704040527344,4.1670613288879395,,,,
51,22919,5.081099033355713,5.287113666534424,,,,
51,22939,4.584290981292725,4.477928638458252,,,,
51,22959,4.740850448608398,4.604740142822266,,,,
51,22979,4.602723121643066,4.699481964111328,,,,
51,22999,4.6795830726623535,4.77966833114624,,,,
51,23019,4.9001851081848145,4.913954257965088,,,,
51,23039,4.224644184112549,4.185020446777344,,,,
51,23059,4.791897773742676,4.943764686584473,,,,
51,23079,4.270446300506592,4.195631504058838,,,,
51,23099,4.406974792480469,4.379021167755127,,,,
51,23119,4.880448818206787,5.120187759399414,,,,
51,23139,5.348933219909668,5.9131550788879395,,,,
51,23159,4.4209675788879395,4.389895439147949,,,,
51,23179,4.76882266998291,4.954497814178467,,,,
51,23199,4.911634922027588,4.902376651763916,,,,
51,23219,4.74601936340332,4.733198642730713,,,,
51,23239,4.7786149978637695,4.674403667449951,,,,
51,23243,,,22.706161499023438,20.930923461914062,,
52,23259,4.507943153381348,4.29961633682251,,,,
52,23279,4.708963394165039,4.909125328063965,,,,
52,23299,4.676751136779785,4.409469127655029,,,,
52,23319,4.870072841644287,5.160950183868408,,,,
52,23339,4.898980140686035,5.030202865600586,,,,
52,23359,4.691924095153809,4.674951553344727,,,,
52,23379,4.7624969482421875,4.940981864929199,,,,
52,23399,4.27458381652832,3.9453604221343994,,,,
52,23419,4.5682172775268555,4.335832595825195,,,,
52,23439,4.450899600982666,4.406830787658691,,,,
52,23459,4.79608154296875,4.796236991882324,,,,
52,23479,4.60231351852417,4.932966232299805,,,,
52,23499,4.7240800857543945,4.750284194946289,,,,
52,23519,4.48245906829834,4.392442226409912,,,,
52,23539,4.590259075164795,4.805788516998291,,,,
52,23559,4.470024585723877,4.1697187423706055,,,,
52,23579,4.884736061096191,4.865304946899414,,,,
52,23599,4.937838554382324,5.0967936515808105,,,,
52,23619,4.619440078735352,4.2831292152404785,,,,
52,23639,4.740447044372559,5.323497295379639,,,,
52,23659,38.15946960449219,8.225132942199707,,,,
52,23679,4.5541157722473145,4.529261589050293,,,,
52,23690,,,31.666234970092773,21.025171279907227,,
53,23699,4.5090508460998535,4.353724956512451,,,,
53,23719,4.715794563293457,4.796730995178223,,,,
53,23739,4.5090789794921875,4.4018683433532715,,,,
53,23759,4.767547607421875,4.6398444175720215,,,,
53,23779,4.654823303222656,4.507099151611328,,,,
53,23799,4.595339775085449,4.504538536071777,,,,
53,23819,4.724558353424072,4.622704029083252,,,,
53,23839,4.489304542541504,4.386227607727051,,,,
53,23859,4.4951629638671875,4.552289962768555,,,,
53,23879,4.426690101623535,4.425715446472168,,,,
53,23899,4.789120197296143,4.367640495300293,,,,
53,23919,4.224724292755127,4.051398754119873,,,,
53,23939,4.540055751800537,4.259960651397705,,,,
53,23959,4.559314727783203,4.537637710571289,,,,
53,23979,4.683387756347656,4.504882335662842,,,,
53,23999,4.624698638916016,4.539248466491699,,,,
53,24019,4.123712539672852,3.950869560241699,,,,
53,24039,4.858279228210449,4.782897472381592,,,,
53,24059,5.014586448669434,4.963743686676025,,,,
53,24079,4.804373741149902,4.947727680206299,,,,
53,24099,4.734624862670898,4.720990180969238,,,,
53,24119,4.749983787536621,4.736814498901367,,,,
53,24137,,,25.088693618774414,20.59234619140625,,
54,24139,4.948653697967529,5.192453861236572,,,,
54,24159,4.165143966674805,3.7876932621002197,,,,
54,24179,4.713817596435547,4.760412216186523,,,,
54,24199,4.471073150634766,4.315219879150391,,,,
54,24219,4.647679328918457,4.659801959991455,,,,
54,24239,4.712700843811035,4.540539264678955,,,,
54,24259,4.869123935699463,4.9589385986328125,,,,
54,24279,4.679644584655762,14.802035331726074,,,,
54,24299,4.34484338760376,3.9144084453582764,,,,
54,24319,4.631326198577881,4.415334701538086,,,,
54,24339,4.8953986167907715,4.860036373138428,,,,
54,24359,5.014822959899902,5.311214923858643,,,,
54,24379,4.973360061645508,5.125605583190918,,,,
54,24399,4.406482219696045,4.291897773742676,,,,
54,24419,4.363253593444824,4.387104034423828,,,,
54,24439,4.857562065124512,4.965590000152588,,,,
54,24459,4.401926040649414,4.306539058685303,,,,
54,24479,4.6468987464904785,4.607870101928711,,,,
54,24499,4.887979030609131,4.778774261474609,,,,
54,24519,4.7090606689453125,5.028191089630127,,,,
54,24539,5.003829002380371,5.119336128234863,,,,
54,24559,4.606504440307617,4.204966068267822,,,,
54,24579,4.881787300109863,4.994781017303467,,,,
54,24584,,,28.199810028076172,20.937875747680664,,
55,24599,4.354509353637695,3.9869675636291504,,,,
55,24619,4.550332546234131,4.260221004486084,,,,
55,24639,5.012258529663086,5.358904838562012,,,,
55,24659,4.6774444580078125,4.324952125549316,,,,
55,24679,4.530961036682129,4.638018608093262,,,,
55,24699,4.774477958679199,4.808152675628662,,,,
55,24719,4.777341842651367,4.723127841949463,,,,
55,24739,4.318902015686035,3.9137940406799316,,,,
55,24759,4.633813858032227,4.471067428588867,,,,
55,24779,4.606783866882324,4.685646057128906,,,,
55,24799,4.918868064880371,5.132419109344482,,,,
55,24819,4.600142478942871,4.542476177215576,,,,
55,24839,4.468302249908447,4.454313278198242,,,,
55,24859,4.846419334411621,4.884797096252441,,,,
55,24879,4.292537212371826,3.9099791049957275,,,,
55,24899,4.259876251220703,4.145054817199707,,,,
55,24919,4.405780792236328,4.4125847816467285,,,,
55,24939,4.353185653686523,3.981281280517578,,,,
55,24959,4.333515644073486,4.086350440979004,,,,
55,24979,4.461983680725098,4.309962272644043,,,,
55,24999,4.339879512786865,4.155187606811523,,,,
55,25019,4.374532699584961,4.077847003936768,,,,
55,25031,,,26.630130767822266,20.688268661499023,,
56,25039,4.56731653213501,4.58355188369751,,,,
56,25059,4.43730354309082,4.155001163482666,,,,
56,25079,4.66890811920166,4.287650108337402,,,,
56,25099,4.0958333015441895,3.9672532081604004,,,,
56,25119,4.843640327453613,4.936020851135254,,,,
56,25139,4.437143325805664,4.39035177230835,,,,
56,25159,4.539426803588867,4.465321063995361,,,,
56,25179,4.534237861633301,4.3751397132873535,,,,
56,25199,4.505753517150879,4.480162143707275,,,,
56,25219,4.696882247924805,4.743468761444092,,,,
56,25239,4.587617874145508,4.555075645446777,,,,
56,25259,4.318805694580078,4.177616596221924,,,,
56,25279,4.939544677734375,5.090219497680664,,,,
56,25299,4.863772392272949,5.5749921798706055,,,,
56,25319,4.735998153686523,4.87525749206543,,,,
56,25339,4.451547622680664,4.294760227203369,,,,
56,25359,4.5463175773620605,4.521254062652588,,,,
56,25379,4.5994062423706055,4.655930519104004,,,,
56,25399,4.933424472808838,5.071432113647461,,,,
56,25419,4.839948654174805,4.70009708404541,,,,
56,25439,4.6119489669799805,4.336630821228027,,,,
56,25459,4.472041606903076,4.173733234405518,,,,
56,25478,,,30.48687171936035,21.089820861816406,,
57,25479,4.933791160583496,5.63425350189209,,,,
57,25499,4.7751970291137695,4.88775634765625,,,,
57,25519,4.520511150360107,5.417547225952148,,,,
57,25539,5.001145839691162,4.833957195281982,,,,
57,25559,4.21212100982666,3.9813084602355957,,,,
57,25579,4.467992782592773,4.163147926330566,,,,
57,25599,4.609395980834961,4.453725814819336,,,,
57,25619,4.571518421173096,4.487459659576416,,,,
57,25639,4.3355488777160645,4.101832866668701,,,,
57,25659,4.633957862854004,4.552070617675781,,,,
57,25679,4.96490478515625,4.907938003540039,,,,
57,25699,4.732228755950928,4.627860069274902,,,,
57,25719,4.137138366699219,4.241344451904297,,,,
57,25739,4.477451801300049,4.496527671813965,,,,
57,25759,4.490542411804199,4.22613000869751,,,,
57,25779,4.592162132263184,4.558966159820557,,,,
57,25799,4.57799768447876,4.567025184631348,,,,
57,25819,4.510221481323242,4.537678241729736,,,,
57,25839,5.143182754516602,5.381575584411621,,,,
57,25859,4.708343982696533,4.958334922790527,,,,
57,25879,4.138063907623291,3.893899917602539,,,,
57,25899,4.76071834564209,4.87396240234375,,,,
57,25919,4.270570755004883,4.169321537017822,,,,
57,25925,,,32.023101806640625,21.100534439086914,,
58,25939,4.6974992752075195,4.719168186187744,,,,
58,25959,4.791687488555908,4.889853477478027,,,,
58,25979,4.428035736083984,4.362999439239502,,,,
58,25999,4.881628036499023,5.070023536682129,,,,
58,26019,4.459638595581055,4.315032482147217,,,,
58,26039,4.3928022384643555,4.225373268127441,,,,
58,26059,4.599570274353027,4.512742519378662,,,,
58,26079,4.256076812744141,4.015352725982666,,,,
58,26099,4.968329429626465,5.029097080230713,,,,
58,26119,4.31125545501709,4.177475929260254,,,,
58,26139,4.673847675323486,4.6851348876953125,,,,
58,26159,4.571993827819824,4.342799663543701,,,,
58,26179,4.400611877441406,4.3755035400390625,,,,
58,26199,4.490697383880615,4.4327921867370605,,,,
58,26219,4.480555534362793,4.181751251220703,,,,
58,26239,4.476633548736572,4.524625778198242,,,,
58,26259,4.145781517028809,3.7436604499816895,,,,
58,26279,4.681501388549805,4.759494781494141,,,,
58,26299,4.4246320724487305,4.2395501136779785,,,,
58,26319,4.453832149505615,4.307521343231201,,,,
58,26339,4.2036943435668945,3.8427183628082275,,,,
58,26359,4.6329665184021,4.525706768035889,,,,
58,26372,,,29.31470489501953,20.86151123046875,,
59,26379,4.3956685066223145,4.3762993812561035,,,,
59,26399,4.2788615226745605,3.9715170860290527,,,,
59,26419,4.850008964538574,5.081837177276611,,,,
59,26439,4.619858741760254,4.518886089324951,,,,
59,26459,4.39178991317749,4.056766510009766,,,,
59,26479,4.281369686126709,4.013929843902588,,,,
59,26499,4.812448978424072,5.071340084075928,,,,
59,26519,4.353292942047119,4.048446178436279,,,,
59,26539,4.766197681427002,5.040778160095215,,,,
59,26559,4.489063262939453,4.192345142364502,,,,
59,26579,4.297783851623535,4.259521007537842,,,,
59,26599,4.83388614654541,4.92005729675293,,,,
59,26619,4.359789848327637,4.064882755279541,,,,
59,26639,4.28115177154541,4.318812370300293,,,,
59,26659,4.253509998321533,3.897928237915039,,,,
59,26679,4.233107566833496,3.93198299407959,,,,
59,26699,4.276392459869385,3.894587516784668,,,,
59,26719,4.992750644683838,5.194206237792969,,,,
59,26739,4.828451633453369,15.108597755432129,,,,
59,26759,4.884625434875488,5.0733137130737305,,,,
59,26779,4.568524360656738,4.495131969451904,,,,
59,26799,4.375628471374512,4.3271660804748535,,,,
59,26819,4.459372520446777,3.863391876220703,,,,
59,26819,,,28.40773582458496,20.965444564819336,,
60,26839,4.52838659286499,4.374052047729492,,,,
60,26859,4.080798149108887,3.8552072048187256,,,,
60,26879,4.329799652099609,4.1031718254089355,,,,
60,26899,4.55381441116333,4.202141284942627,,,,
60,26919,4.591078758239746,4.392662048339844,,,,
60,26939,4.498964786529541,4.551913261413574,,,,
60,26959,4.331066608428955,4.6756792068481445,,,,
60,26979,4.2838592529296875,3.890127420425415,,,,
60,26999,4.202794075012207,4.048376083374023,,,,
60,27019,4.200297832489014,3.91902756690979,,,,
60,27039,4.581787109375,4.541886806488037,,,,
60,27059,4.51700496673584,4.258599281311035,,,,
60,27079,4.24927282333374,4.126826286315918,,,,
60,27099,4.394871711730957,4.211752414703369,,,,
60,27119,4.63076114654541,4.558992862701416,,,,
60,27139,4.410573482513428,4.292017459869385,,,,
60,27159,4.5827155113220215,4.491315841674805,,,,
60,27179,4.492692947387695,4.249885082244873,,,,
60,27199,4.414895057678223,4.051229953765869,,,,
60,27219,4.191105842590332,3.905107021331787,,,,
60,27239,4.742525100708008,4.863773822784424,,,,
60,27259,4.565062522888184,4.364869117736816,,,,
60,27266,,,35.4972038269043,20.98689842224121,,
61,27279,4.3656134605407715,4.320327281951904,,,,
61,27299,4.383147239685059,4.087018013000488,,,,
61,27319,4.216011047363281,4.074917316436768,,,,
61,27339,4.446755409240723,4.265410900115967,,,,
61,27359,4.54462194442749,4.289304733276367,,,,
61,27379,4.484982490539551,4.40136194229126,,,,
61,27399,4.833083629608154,5.067669868469238,,,,
61,27419,4.496743679046631,4.382455825805664,,,,
61,27439,133.42156982421875,13.00171184539795,,,,
61,27459,4.320695877075195,3.8841843605041504,,,,
61,27479,4.3741841316223145,4.271726608276367,,,,
61,27499,4.352923393249512,4.141199111938477,,,,
61,27519,4.5445098876953125,4.574390411376953,,,,
61,27539,5.181272029876709,5.42564582824707,,,,
61,27559,4.59434700012207,4.178290843963623,,,,
61,27579,4.160045623779297,3.996500015258789,,,,
61,27599,4.349142074584961,4.047545909881592,,,,
61,27619,4.600788116455078,5.161057472229004,,,,
61,27639,4.923256874084473,5.100089073181152,,,,
61,27659,5.122536659240723,5.445130825042725,,,,
61,27679,4.424149036407471,4.30002498626709,,,,
61,27699,4.23723030090332,3.9094812870025635,,,,
61,27713,,,31.593137741088867,21.04029655456543,,
62,27719,4.285086631774902,3.959261894226074,,,,
62,27739,4.002729415893555,3.710989236831665,,,,
62,27759,4.17067289352417,3.960385322570801,,,,
62,27779,4.475253582000732,4.25255823135376,,,,
62,27799,4.581357002258301,4.657663822174072,,,,
62,27819,4.496829509735107,4.339483261108398,,,,
62,27839,4.252974987030029,3.978292226791382,,,,
62,27859,4.263444423675537,3.8892605304718018,,,,
62,27879,4.169403076171875,3.931678533554077,,,,
62,27899,4.247902870178223,4.14060115814209,,,,
62,27919,4.3574910163879395,4.208703994750977,,,,
62,27939,4.40006160736084,4.247653007507324,,,,
62,27959,4.857601165771484,4.990955829620361,,,,
62,27979,4.123266220092773,3.7785470485687256,,,,
62,27999,4.3250346183776855,4.239048004150391,,,,
62,28019,4.4392619132995605,4.399595737457275,,,,
62,28039,4.343552589416504,4.17848539352417,,,,
62,28059,4.903693199157715,4.727614402770996,,,,
62,28079,4.462904453277588,4.40449333190918,,,,
62,28099,4.337452411651611,4.107266426086426,,,,
62,28119,4.244110584259033,3.9040839672088623,,,,
62,28139,4.495020389556885,4.336597442626953,,,,
62,28159,4.524698257446289,4.532764911651611,,,,
62,28160,,,33.505489349365234,20.937419891357422,,
63,28179,4.3283843994140625,4.128249645233154,,,,
63,28199,4.285760402679443,4.040885925292969,,,,
63,28219,5.012270927429199,28.084453582763672,,,,
63,28239,4.150394439697266,3.959068775177002,,,,
63,28259,4.017711162567139,3.7872188091278076,,,,
63,28279,4.864068508148193,5.325045585632324,,,,
63,28299,4.110411643981934,3.7952678203582764,,,,
63,28319,4.3878302574157715,4.25480318069458,,,,
63,28339,4.239785194396973,4.858788013458252,,,,
63,28359,4.846152305603027,4.940761089324951,,,,
63,28379,4.220092296600342,3.87614369392395,,,,
63,28399,4.265775680541992,4.310413837432861,,,,
63,28419,4.659396171569824,4.660650253295898,,,,
63,28439,4.675841808319092,4.296027183532715,,,,
63,28459,4.255686283111572,4.265289306640625,,,,
63,28479,4.2312774658203125,4.019202709197998,,,,
63,28499,4.854460716247559,4.874938488006592,,,,
63,28519,4.183839797973633,4.1370530128479,,,,
63,28539,4.399255275726318,4.360502243041992,,,,
63,28559,4.432754039764404,3.9866788387298584,,,,
63,28579,5.029105186462402,5.083600997924805,,,,
63,28599,4.847613334655762,4.846855163574219,,,,
63,28607,,,28.907411575317383,20.810373306274414,,
64,28619,4.060726165771484,3.6449875831604004,,,,
64,28639,4.382631301879883,4.032500743865967,,,,
64,28659,4.389444828033447,4.373101234436035,,,,
64,28679,4.442955017089844,4.311127662658691,,,,
64,28699,4.305750370025635,4.18278169631958,,,,
64,28719,4.545433044433594,4.540241241455078,,,,
64,28739,4.385551452636719,4.205054759979248,,,,
64,28759,4.595198154449463,4.6505584716796875,,,,
64,28779,4.5769195556640625,4.468860149383545,,,,
64,28799,4.7048516273498535,4.702491283416748,,,,
64,28819,4.896847248077393,5.002461910247803,,,,
64,28839,4.27559232711792,4.1495747566223145,,,,
64,28859,4.585415363311768,4.639734745025635,,,,
64,28879,4.825462341308594,4.7456536293029785,,,,
64,28899,4.0127997398376465,3.6997859477996826,,,,
64,28919,4.100202560424805,3.9043147563934326,,,,
64,28939,4.472832202911377,4.360095977783203,,,,
64,28959,4.878586292266846,5.3001322746276855,,,,
64,28979,4.506754398345947,4.38997745513916,,,,
64,28999,4.318014621734619,4.251417636871338,,,,
64,29019,4.1635308265686035,4.144466876983643,,,,
64,29039,4.444472789764404,4.14289665222168,,,,
64,29054,,,29.350866317749023,20.65688133239746,,
65,29059,4.000133037567139,3.5761566162109375,,,,
65,29079,4.126101493835449,3.8728246688842773,,,,
65,29099,4.559530258178711,4.5348076820373535,,,,
65,29119,6.421772003173828,6.711221218109131,,,,
65,29139,4.385955810546875,4.244252681732178,,,,
65,29159,4.41346549987793,4.269979953765869,,,,
65,29179,60.630393981933594,11.984138488769531,,,,
65,29199,4.592177391052246,4.653575420379639,,,,
65,29219,4.2408366203308105,3.8816957473754883,,,,
65,29239,4.242525100708008,4.065343856811523,,,,
65,29259,3.8637382984161377,3.640780448913574,,,,
65,29279,4.519476890563965,4.167571544647217,,,,
65,29299,4.132933616638184,3.933055877685547,,,,
65,29319,4.186004638671875,3.7947068214416504,,,,
65,29339,4.363912582397461,4.049290180206299,,,,
65,29359,4.445832252502441,4.315669059753418,,,,
65,29379,4.728707790374756,5.033515453338623,,,,
65,29399,4.4688897132873535,4.210787773132324,,,,
65,29419,4.512109756469727,4.284484386444092,,,,
65,29439,3.991900682449341,3.7532577514648438,,,,
65,29459,4.4741058349609375,4.205687046051025,,,,
65,29479,4.276401519775391,4.165163993835449,,,,
65,29499,4.665453910827637,4.68320894241333,,,,
65,29501,,,31.342876434326172,20.922243118286133,,
66,29519,4.374521732330322,4.0276360511779785,,,,
66,29539,4.543890476226807,5.1854424476623535,,,,
66,29559,4.524559497833252,5.340339183807373,,,,
66,29579,4.413496494293213,4.2257609367370605,,,,
66,29599,3.8985953330993652,3.588879346847534,,,,
66,29619,4.3106818199157715,4.294816493988037,,,,
66,29639,4.109786510467529,3.9568350315093994,,,,
66,29659,4.663758277893066,4.653913974761963,,,,
66,29679,4.2387590408325195,3.8538296222686768,,,,
66,29699,4.331912994384766,4.192328453063965,,,,
66,29719,3.912896156311035,3.8275275230407715,,,,
66,29739,4.349552154541016,4.2833476066589355,,,,
66,29759,4.320123672485352,4.352064609527588,,,,
66,29779,4.500699520111084,4.474852561950684,,,,
66,29799,4.545863151550293,4.379254341125488,,,,
66,29819,18.08305549621582,7.901162624359131,,,,
66,29839,4.4579315185546875,4.9526472091674805,,,,
66,29859,4.2229743003845215,3.817380666732788,,,,
66,29879,4.731400966644287,4.9767842292785645,,,,
66,29899,4.385448932647705,4.3151326179504395,,,,
66,29919,4.828281879425049,4.599093437194824,,,,
66,29939,4.017561435699463,3.802560806274414,,,,
66,29948,,,30.521127700805664,20.941984176635742,,
67,29959,4.765556812286377,4.58718204498291,,,,
67,29979,4.106432914733887,3.911900281906128,,,,
67,29999,4.9370436668396,4.991729259490967,,,,
67,30019,4.503313064575195,4.435218334197998,,,,
67,30039,4.125524997711182,3.764590263366699,,,,
67,30059,4.43041467666626,4.3515424728393555,,,,
67,30079,4.27139949798584,3.9297561645507812,,,,
67,30099,4.34287166595459,4.259579658508301,,,,
67,30119,4.254785060882568,4.004435062408447,,,,
67,30139,4.236402988433838,4.17982292175293,,,,
67,30159,3.9438014030456543,3.4531943798065186,,,,
67,30179,4.3285369873046875,4.103719234466553,,,,
67,30199,4.32805871963501,4.0875244140625,,,,
67,30219,4.652684211730957,4.672183990478516,,,,
67,30239,4.317411422729492,4.348440647125244,,,,
67,30259,4.710312366485596,4.894917964935303,,,,
67,30279,4.1467604637146,3.7680275440216064,,,,
67,30299,3.9403040409088135,3.575225591659546,,,,
67,30319,4.449510097503662,4.068753242492676,,,,
67,30339,4.690308570861816,4.406435966491699,,,,
67,30359,4.441634178161621,4.318264007568359,,,,
67,30379,4.335426330566406,4.170664310455322,,,,
67,30395,,,31.821794509887695,20.888893127441406,,
68,30399,4.418671607971191,4.292552471160889,,,,
68,30419,4.380169868469238,3.9946060180664062,,,,
68,30439,4.551023483276367,4.269890785217285,,,,
68,30459,4.676931381225586,4.842151641845703,,,,
68,30479,4.440151691436768,4.410439491271973,,,,
68,30499,4.041763782501221,3.686084270477295,,,,
68,30519,4.2757463455200195,4.1138596534729,,,,
68,30539,4.292971134185791,4.328310966491699,,,,
68,30559,4.42813777923584,4.212111949920654,,,,
68,30579,71.3030776977539,7.914723873138428,,,,
68,30599,4.130816459655762,3.983290672302246,,,,
68,30619,4.273001670837402,3.9479446411132812,,,,
68,30639,4.281780242919922,4.050695419311523,,,,
68,30659,4.262869834899902,3.858341932296753,,,,
68,30679,4.44260311126709,4.341300964355469,,,,
68,30699,4.5987372398376465,4.564967632293701,,,,
68,30719,4.350606918334961,4.299649238586426,,,,
68,30739,4.189034461975098,4.061044692993164,,,,
68,30759,4.064047813415527,3.595762014389038,,,,
68,30779,4.317054748535156,3.9379868507385254,,,,
68,30799,4.930149078369141,4.929625034332275,,,,
68,30819,4.309788227081299,3.9911231994628906,,,,
68,30839,4.566869735717773,4.4756669998168945,,,,
68,30842,,,33.11235809326172,20.54388427734375,,
69,30859,4.386329174041748,4.429630756378174,,,,
69,30879,4.385217666625977,4.273342609405518,,,,
69,30899,4.637613773345947,5.328036308288574,,,,
69,30919,4.294401168823242,3.906623601913452,,,,
69,30939,4.543349266052246,4.364492416381836,,,,
69,30959,4.302105903625488,4.037656784057617,,,,
69,30979,4.469283580780029,4.457197189331055,,,,
69,30999,4.190854072570801,3.9667868614196777,,,,
69,31019,4.048795700073242,3.944416046142578,,,,
69,31039,4.010518550872803,3.908315896987915,,,,
69,31059,4.443571090698242,4.233626365661621,,,,
69,31079,4.327515602111816,4.194813251495361,,,,
69,31099,4.515993118286133,4.294405460357666,,,,
69,31119,4.019505500793457,3.8112082481384277,,,,
69,31139,4.235593795776367,4.087160110473633,,,,
69,31159,4.0761003494262695,3.583868980407715,,,,
69,31179,4.115567684173584,3.911052942276001,,,,
69,31199,4.279071807861328,4.223688125610352,,,,
69,31219,4.470122337341309,4.3549299240112305,,,,
69,31239,4.803102493286133,5.139036178588867,,,,
69,31259,4.369905471801758,4.315979957580566,,,,
69,31279,4.165265083312988,3.6893310546875,,,,
69,31289,,,30.954015731811523,20.905792236328125,,
70,31299,4.055598258972168,3.7557053565979004,,,,
70,31319,4.8062591552734375,4.579189777374268,,,,
70,31339,4.675926208496094,4.862807273864746,,,,
70,31359,4.450697898864746,4.424577236175537,,,,
70,31379,4.206415176391602,3.9248738288879395,,,,
70,31399,4.122364044189453,3.7308237552642822,,,,
70,31419,4.0885725021362305,3.63718318939209,,,,
70,31439,3.882169485092163,3.687953472137451,,,,
70,31459,4.297149181365967,4.31703519821167,,,,
70,31479,3.9206247329711914,3.6308023929595947,,,,
70,31499,4.633090496063232,4.480164527893066,,,,
70,31519,4.081235885620117,3.7807066440582275,,,,
70,31539,4.196549415588379,3.9550280570983887,,,,
70,31559,4.517792701721191,4.249365329742432,,,,
70,31579,4.089186191558838,3.8524208068847656,,,,
70,31599,4.286314487457275,4.121452808380127,,,,
70,31619,4.697065353393555,4.516738414764404,,,,
70,31639,4.107447624206543,4.06862211227417,,,,
70,31659,4.482132434844971,4.55390739440918,,,,
70,31679,4.477083206176758,4.126832962036133,,,,
70,31699,4.611802577972412,4.705685615539551,,,,
70,31719,4.762612819671631,4.446816921234131,,,,
70,31736,,,32.78327178955078,20.750995635986328,,
71,31739,4.436689853668213,4.507116317749023,,,,
71,31759,4.113317966461182,3.873347043991089,,,,
71,31779,3.877878189086914,3.658247232437134,,,,
71,31799,4.04219913482666,3.6814308166503906,,,,
71,31819,4.2726149559021,4.2472662925720215,,,,
71,31839,4.306290149688721,4.135200023651123,,,,
71,31859,4.495264530181885,4.546236038208008,,,,
71,31879,4.040128707885742,3.8399345874786377,,,,
71,31899,4.364780426025391,4.105409622192383,,,,
71,31919,4.728445053100586,4.744452476501465,,,,
71,31939,4.272364616394043,3.948518753051758,,,,
71,31959,4.67008113861084,4.783519744873047,,,,
71,31979,4.500120162963867,4.1878886222839355,,,,
71,31999,14.077082633972168,6.961435317993164,,,,
71,32019,4.090205669403076,3.7445664405822754,,,,
71,32039,4.515007972717285,4.262905597686768,,,,
71,32059,4.387513160705566,4.141524791717529,,,,
71,32079,4.4554572105407715,4.1358842849731445,,,,
71,32099,4.489159107208252,4.908755302429199,,,,
71,32119,4.242211818695068,4.0497212409973145,,,,
71,32139,4.095661640167236,3.8542048931121826,,,,
71,32159,4.48038911819458,4.311666011810303,,,,
71,32179,4.46803617477417,4.375342845916748,,,,
71,32183,,,33.98774719238281,20.782089233398438,,
72,32199,4.143302917480469,3.811913013458252,,,,
72,32219,4.634496688842773,4.421905040740967,,,,
72,32239,4.17499303817749,3.8612380027770996,,,,
72,32259,53.59313201904297,11.767197608947754,,,,
72,32279,4.480367660522461,4.361154556274414,,,,
72,32299,4.276125431060791,4.0565505027771,,,,
72,32319,4.133886337280273,3.9216911792755127,,,,
72,32339,4.571376323699951,4.6550798416137695,,,,
72,32359,4.334805965423584,4.401148796081543,,,,
72,32379,4.137650966644287,3.7830512523651123,,,,
72,32399,4.442891597747803,4.373696327209473,,,,
72,32419,4.610380172729492,4.287861347198486,,,,
72,32439,4.158320426940918,3.9390110969543457,,,,
72,32459,4.375535488128662,4.236179828643799,,,,
72,32479,4.471564292907715,4.530599117279053,,,,
72,32499,4.400137901306152,4.522706031799316,,,,
72,32519,4.2500715255737305,3.906581401824951,,,,
72,32539,4.5196709632873535,4.459286212921143,,,,
72,32559,4.387663841247559,4.100127220153809,,,,
72,32579,4.093816757202148,3.7701075077056885,,,,
72,32599,4.280896186828613,4.312316417694092,,,,
72,32619,4.333254337310791,4.363097667694092,,,,
72,32630,,,34.54117202758789,20.813810348510742,,
73,32639,4.557730197906494,4.721393585205078,,,,
73,32659,4.143044948577881,4.150890827178955,,,,
73,32679,4.474478721618652,4.350941181182861,,,,
73,32699,4.6034440994262695,4.310462951660156,,,,
73,32719,4.522651195526123,4.430111408233643,,,,
73,32739,4.399613857269287,4.432868480682373,,,,
73,32759,4.522881984710693,5.142343044281006,,,,
73,32779,3.9262285232543945,3.7835264205932617,,,,
73,32799,4.373169898986816,4.2173991203308105,,,,
73,32819,4.171173095703125,4.712676525115967,,,,
73,32839,4.070713043212891,4.009584426879883,,,,
73,32859,4.307099342346191,4.01898193359375,,,,
73,32879,4.05637788772583,3.8888957500457764,,,,
73,32899,4.074577808380127,3.986058235168457,,,,
73,32919,4.481122970581055,14.568596839904785,,,,
73,32939,4.104379653930664,3.7271909713745117,,,,
73,32959,3.858548641204834,3.5003528594970703,,,,
73,32979,4.067373752593994,3.9513070583343506,,,,
73,32999,4.131535530090332,3.79815673828125,,,,
73,33019,4.2653093338012695,4.084778785705566,,,,
73,33039,4.107598781585693,4.048410892486572,,,,
73,33059,4.699234962463379,4.7592997550964355,,,,
73,33077,,,32.735870361328125,20.891096115112305,,
74,33079,4.303738117218018,4.121713161468506,,,,
74,33099,4.0760698318481445,3.878347635269165,,,,
74,33119,4.110736846923828,3.8257834911346436,,,,
74,33139,9.342057228088379,8.480915069580078,,,,
74,33159,4.411003589630127,4.305328369140625,,,,
74,33179,4.206006050109863,3.967198133468628,,,,
74,33199,3.6708106994628906,3.3315837383270264,,,,
74,33219,4.4323859214782715,4.389699935913086,,,,
74,33239,4.429353713989258,4.145477294921875,,,,
74,33259,4.363795280456543,4.07321834564209,,,,
74,33279,4.284560203552246,4.204287528991699,,,,
74,33299,4.244771957397461,3.908719062805176,,,,
74,33319,4.269025802612305,3.9081549644470215,,,,
74,33339,4.592927932739258,4.458298683166504,,,,
74,33359,3.9782443046569824,3.87984037399292,,,,
74,33379,4.166076183319092,3.8872077465057373,,,,
74,33399,4.203368186950684,4.13665771484375,,,,
74,33419,4.7968597412109375,4.520023822784424,,,,
74,33439,4.063943386077881,3.7423903942108154,,,,
74,33459,4.32440185546875,4.1598896980285645,,,,
74,33479,4.894323348999023,5.134227752685547,,,,
74,33499,4.072722434997559,3.718827724456787,,,,
74,33519,3.986515760421753,3.646238088607788,,,,
74,33524,,,39.1845817565918,20.87980079650879,,
75,33539,4.125117301940918,3.8935484886169434,,,,
75,33559,4.565774440765381,14.6048583984375,,,,
75,33579,4.075757026672363,3.708740234375,,,,
75,33599,4.264672756195068,4.176262855529785,,,,
75,33619,4.340702056884766,4.339309215545654,,,,
75,33639,4.122944355010986,3.7081241607666016,,,,
75,33659,4.175747394561768,4.025743007659912,,,,
75,33679,4.2030463218688965,4.139889240264893,,,,
75,33699,4.884073734283447,5.336263656616211,,,,
75,33719,4.367671012878418,3.942823886871338,,,,
75,33739,3.9837608337402344,3.7306177616119385,,,,
75,33759,4.6360697746276855,4.548430919647217,,,,
75,33779,4.44234037399292,4.1695332527160645,,,,
75,33799,4.3790082931518555,3.9177377223968506,,,,
75,33819,4.094517707824707,3.842176914215088,,,,
75,33839,4.614429473876953,4.430527687072754,,,,
75,33859,4.301237106323242,4.12714958190918,,,,
75,33879,4.286320686340332,4.185041427612305,,,,
75,33899,4.074131965637207,4.024579048156738,,,,
75,33919,4.384769439697266,4.429776191711426,,,,
75,33939,4.201794147491455,4.102487564086914,,,,
75,33959,4.507376194000244,4.324917793273926,,,,
75,33971,,,32.92207336425781,20.781354904174805,,
76,33979,4.372490882873535,4.1834869384765625,,,,
76,33999,4.438662052154541,4.257895469665527,,,,
76,34019,4.056155204772949,3.8154051303863525,,,,
76,34039,4.122430801391602,3.902008056640625,,,,
76,34059,4.216986179351807,4.205607891082764,,,,
76,34079,4.405834197998047,4.329995155334473,,,,
76,34099,4.143002033233643,3.7499258518218994,,,,
76,34119,4.24752140045166,4.0702290534973145,,,,
76,34139,4.612063407897949,4.597447395324707,,,,
76,34159,3.99698805809021,3.7751386165618896,,,,
76,34179,3.917762279510498,3.682229995727539,,,,
76,34199,4.403067588806152,4.31905460357666,,,,
76,34219,4.00501012802124,4.573998928070068,,,,
76,34239,4.255241870880127,3.9806442260742188,,,,
76,34259,3.942736864089966,3.681727170944214,,,,
76,34279,4.684089183807373,4.617690563201904,,,,
76,34299,3.873276948928833,3.558102607727051,,,,
76,34319,4.061319351196289,3.6222808361053467,,,,
76,34339,4.418797016143799,4.250242710113525,,,,
76,34359,3.9958620071411133,3.7992212772369385,,,,
76,34379,4.191176891326904,3.852677583694458,,,,
76,34399,4.317336082458496,4.030262470245361,,,,
76,34418,,,35.46488952636719,20.797489166259766,,
77,34419,4.1851630210876465,3.795783758163452,,,,
77,34439,4.228567123413086,4.174826622009277,,,,
77,34459,4.159660339355469,3.9341630935668945,,,,
77,34479,4.161525726318359,3.957040786743164,,,,
77,34499,4.104310989379883,3.70182728767395,,,,
77,34519,4.206882476806641,4.026894569396973,,,,
77,34539,3.963711738586426,3.8405892848968506,,,,
77,34559,4.016073226928711,3.809994697570801,,,,
77,34579,3.976487159729004,3.6468491554260254,,,,
77,34599,5.148524284362793,5.827218055725098,,,,
77,34619,4.14884090423584,3.844614267349243,,,,
77,34639,4.215167999267578,3.9882545471191406,,,,
77,34659,4.446358680725098,4.530552387237549,,,,
77,34679,4.106270790100098,3.965345859527588,,,,
77,34699,4.244129657745361,3.9863007068634033,,,,
77,34719,4.08300256729126,3.7208333015441895,,,,
77,34739,3.965665578842163,3.7604916095733643,,,,
77,34759,4.239038944244385,4.071587562561035,,,,
77,34779,4.4391961097717285,4.839333534240723,,,,
77,34799,4.149665832519531,3.8052477836608887,,,,
77,34819,4.096893787384033,3.8295211791992188,,,,
77,34839,4.42266321182251,4.316404342651367,,,,
77,34859,4.026605606079102,3.7864837646484375,,,,
77,34865,,,33.57261657714844,20.775754928588867,,
78,34879,4.220050811767578,4.322370529174805,,,,
78,34899,4.138760566711426,4.257016181945801,,,,
78,34919,3.8355040550231934,3.7089719772338867,,,,
78,34939,4.446216583251953,4.350062370300293,,,,
78,34959,4.094213008880615,3.790823221206665,,,,
78,34979,4.514237403869629,4.284133434295654,,,,
78,34999,4.187620162963867,3.975126028060913,,,,
78,35019,4.250821113586426,4.00884485244751,,,,
78,35039,3.947493076324463,3.531933069229126,,,,
78,35059,4.217428684234619,3.9434263706207275,,,,
78,35079,4.120723247528076,3.8910818099975586,,,,
78,35099,4.133768081665039,3.993450880050659,,,,
78,35119,3.942814588546753,3.6104748249053955,,,,
78,35139,4.0124735832214355,4.521834850311279,,,,
78,35159,3.9731569290161133,3.771448850631714,,,,
78,35179,4.0648956298828125,3.949411392211914,,,,
78,35199,4.518431186676025,4.459992408752441,,,,
78,35219,4.571262836456299,4.482212543487549,,,,
78,35239,4.160367012023926,3.8116233348846436,,,,
78,35259,4.2469682693481445,4.244312286376953,,,,
78,35279,4.224335670471191,4.130326271057129,,,,
78,35299,4.35452938079834,4.142594337463379,,,,
78,35312,,,36.686710357666016,20.979204177856445,,
79,35319,3.9434194564819336,3.819420576095581,,,,
79,35339,4.257355690002441,3.985462188720703,,,,
79,35359,4.034099578857422,3.880037307739258,,,,
79,35379,4.631829261779785,4.484821319580078,,,,
79,35399,4.380955696105957,4.152338981628418,,,,
79,35419,4.43021821975708,4.528098106384277,,,,
79,35439,4.167403221130371,3.826381206512451,,,,
79,35459,4.294720649719238,4.364484786987305,,,,
79,35479,3.949709415435791,3.6895811557769775,,,,
79,35499,4.13469123840332,3.937110662460327,,,,
79,35519,4.063858985900879,4.030141830444336,,,,
79,35539,4.465892791748047,4.23470401763916,,,,
79,35559,4.2493062019348145,4.075722694396973,,,,
79,35579,4.250981330871582,4.071011066436768,,,,
79,35599,3.8671658039093018,3.5784425735473633,,,,
79,35619,4.1333327293396,3.856214761734009,,,,
79,35639,4.23245096206665,14.213425636291504,,,,
79,35659,4.168752193450928,3.890857219696045,,,,
79,35679,4.0933756828308105,3.645846366882324,,,,
79,35699,4.1234612464904785,3.7859995365142822,,,,
79,35719,4.528749465942383,4.459719181060791,,,,
79,35739,4.16195821762085,4.20504093170166,,,,
79,35759,4.8673858642578125,4.886203289031982,,,,
79,35759,,,33.01844024658203,20.79358673095703,,
80,35779,4.280529499053955,4.091341972351074,,,,
80,35799,4.170285701751709,3.9894955158233643,,,,
80,35819,4.0836310386657715,3.805656909942627,,,,
80,35839,4.241950511932373,4.213496685028076,,,,
80,35859,4.0449066162109375,4.006827354431152,,,,
80,35879,4.422210216522217,14.459593772888184,,,,
80,35899,3.8140058517456055,3.5342233180999756,,,,
80,35919,4.464066028594971,4.622918128967285,,,,
80,35939,4.273268222808838,4.2463459968566895,,,,
80,35959,4.4188313484191895,4.185601234436035,,,,
80,35979,4.3271484375,4.044824600219727,,,,
80,35999,4.223600387573242,4.168964385986328,,,,
80,36019,3.9803240299224854,4.055837154388428,,,,
80,36039,4.291897773742676,4.259769439697266,,,,
80,36059,3.852499008178711,3.5709776878356934,,,,
80,36079,4.13259744644165,3.907834768295288,,,,
80,36099,3.82144832611084,3.3817601203918457,,,,
80,36119,4.864900588989258,5.158120155334473,,,,
80,36139,4.662307262420654,4.650903224945068,,,,
80,36159,4.245279312133789,4.201649188995361,,,,
80,36179,4.159388542175293,3.9124226570129395,,,,
80,36199,4.293603420257568,4.769314289093018,,,,
80,36206,,,39.51959228515625,20.924530029296875,,
81,36219,4.2531867027282715,4.106380939483643,,,,
81,36239,4.246853351593018,4.108333110809326,,,,
81,36259,4.378712177276611,4.22723913192749,,,,
81,36279,4.672832012176514,16.33339500427246,,,,
81,36299,4.2924089431762695,4.110971450805664,,,,
81,36319,4.145792484283447,3.9871108531951904,,,,
81,36339,3.882535457611084,3.6081528663635254,,,,
81,36359,4.276476860046387,4.209075450897217,,,,
81,36379,4.069953441619873,3.646930694580078,,,,
81,36399,3.9531054496765137,3.645514488220215,,,,
81,36419,4.293025493621826,4.157980442047119,,,,
81,36439,4.1722869873046875,3.8963441848754883,,,,
81,36459,4.266254425048828,4.320346832275391,,,,
81,36479,3.878896713256836,3.4567275047302246,,,,
81,36499,4.109780311584473,3.8586063385009766,,,,
81,36519,3.8011012077331543,3.6078572273254395,,,,
81,36539,4.5558624267578125,4.581546783447266,,,,
81,36559,3.985891342163086,3.9036190509796143,,,,
81,36579,4.2484049797058105,4.179659366607666,,,,
81,36599,3.989293098449707,3.5224180221557617,,,,
81,36619,4.324772834777832,4.1262993812561035,,,,
81,36639,4.570913314819336,4.564747333526611,,,,
81,36653,,,37.36983871459961,20.68463706970215,,
82,36659,4.008022308349609,3.750929355621338,,,,
82,36679,4.051858425140381,3.9709298610687256,,,,
82,36699,3.887763500213623,3.7361233234405518,,,,
82,36719,3.791901111602783,3.704066753387451,,,,
82,36739,4.428629398345947,4.298896312713623,,,,
82,36759,3.823491096496582,3.4521803855895996,,,,
82,36779,4.262764930725098,4.140255928039551,,,,
82,36799,4.175459384918213,4.138703346252441,,,,
82,36819,4.054532051086426,3.7656381130218506,,,,
82,36839,4.143176555633545,4.024386882781982,,,,
82,36859,4.359204292297363,5.139186382293701,,,,
82,36879,4.2048563957214355,3.869406223297119,,,,
82,36899,4.396797180175781,4.212923526763916,,,,
82,36919,4.012794017791748,3.667271614074707,,,,
82,36939,3.921656608581543,3.7023367881774902,,,,
82,36959,4.133955001831055,3.916747808456421,,,,
82,36979,359.9958801269531,12.319449424743652,,,,
82,36999,4.503877639770508,4.441888809204102,,,,
82,37019,3.9889965057373047,3.842214822769165,,,,
82,37039,4.295670032501221,3.963791608810425,,,,
82,37059,4.170723915100098,3.831510305404663,,,,
82,37079,4.04511833190918,3.787142753601074,,,,
82,37099,4.25726842880249,3.9137330055236816,,,,
82,37100,,,39.16691207885742,20.73586654663086,,
83,37119,3.9702301025390625,3.8612241744995117,,,,
83,37139,4.389191627502441,4.067017555236816,,,,
83,37159,4.012363433837891,3.9359099864959717,,,,
83,37179,4.516475200653076,4.418893814086914,,,,
83,37199,4.2800421714782715,3.9228708744049072,,,,
83,37219,4.396028995513916,4.0154595375061035,,,,
83,37239,3.8694281578063965,3.722299098968506,,,,
83,37259,4.092175006866455,3.9695773124694824,,,,
83,37279,4.158998012542725,4.435318946838379,,,,
83,37299,3.8162782192230225,3.6144766807556152,,,,
83,37319,4.192880630493164,3.8537776470184326,,,,
83,37339,3.9165194034576416,3.5168282985687256,,,,
83,37359,4.370607852935791,4.351008415222168,,,,
83,37379,4.094791889190674,3.766057014465332,,,,
83,37399,4.19899845123291,4.224667072296143,,,,
83,37419,48.36922073364258,12.202530860900879,,,,
83,37439,4.338761329650879,18.990243911743164,,,,
83,37459,3.9262161254882812,3.623997449874878,,,,
83,37479,4.139689922332764,4.020131587982178,,,,
83,37499,3.901364326477051,3.739304304122925,,,,
83,37519,4.25669002532959,4.336548805236816,,,,
83,37539,4.143332481384277,3.9386916160583496,,,,
83,37547,,,35.480873107910156,20.918546676635742,,
84,37559,4.478656768798828,4.481716632843018,,,,
84,37579,3.831721305847168,3.4101548194885254,,,,
84,37599,4.71293830871582,4.559970855712891,,,,
84,37619,4.224908828735352,4.237253665924072,,,,
84,37639,4.447619915008545,4.266537189483643,,,,
84,37659,4.057212829589844,3.766049861907959,,,,
84,37679,4.471575736999512,4.4493794441223145,,,,
84,37699,4.00987434387207,3.778719663619995,,,,
84,37719,3.784213066101074,3.516826868057251,,,,
84,37739,4.490009307861328,4.529839038848877,,,,
84,37759,3.792433738708496,3.4922518730163574,,,,
84,37779,4.0703325271606445,4.1220173835754395,,,,
84,37799,3.6687350273132324,3.304699182510376,,,,
84,37819,4.351129531860352,4.085629940032959,,,,
84,37839,4.297921180725098,4.408764839172363,,,,
84,37859,4.414392471313477,4.213106632232666,,,,
84,37879,4.121542930603027,3.962235689163208,,,,
84,37899,4.657400608062744,4.32346248626709,,,,
84,37919,4.450276851654053,4.302852630615234,,,,
84,37939,4.12056303024292,3.7714121341705322,,,,
84,37959,4.073360443115234,4.063828468322754,,,,
84,37979,4.178983688354492,3.8858518600463867,,,,
84,37994,,,35.21601867675781,20.60845184326172,,
85,37999,3.8589553833007812,3.727813482284546,,,,
85,38019,4.437195777893066,4.3721418380737305,,,,
85,38039,4.025949478149414,3.9535675048828125,,,,
85,38059,4.1558637619018555,3.9892218112945557,,,,
85,38079,4.879776954650879,5.454604625701904,,,,
85,38099,4.255176067352295,4.262042045593262,,,,
85,38119,4.328887939453125,4.244023323059082,,,,
85,38139,4.152037620544434,3.8039605617523193,,,,
85,38159,4.229894161224365,4.188493251800537,,,,
85,38179,4.417617321014404,4.476663589477539,,,,
85,38199,4.144219875335693,4.089030742645264,,,,
85,38219,4.411958694458008,14.35846996307373,,,,
85,38239,4.002128601074219,3.704148769378662,,,,
85,38259,4.041695594787598,14.077999114990234,,,,
85,38279,4.122933387756348,3.8992884159088135,,,,
85,38299,4.177541732788086,3.8504233360290527,,,,
85,38319,4.342942237854004,4.1138834953308105,,,,
85,38339,4.183156967163086,4.015718936920166,,,,
85,38359,4.071279048919678,3.975642681121826,,,,
85,38379,4.06235408782959,3.8129653930664062,,,,
85,38399,4.92457914352417,4.611231327056885,,,,
85,38419,4.5761213302612305,4.298093795776367,,,,
85,38439,4.008007526397705,3.7286550998687744,,,,
85,38441,,,35.13642120361328,20.63689422607422,,
86,38459,3.872598171234131,3.6145827770233154,,,,
86,38479,3.905771493911743,3.6037611961364746,,,,
86,38499,3.8546996116638184,3.5556769371032715,,,,
86,38519,4.031011581420898,3.7261579036712646,,,,
86,38539,4.063958644866943,3.5498461723327637,,,,
86,38559,3.818244218826294,3.5758907794952393,,,,
86,38579,4.397299766540527,4.282657623291016,,,,
86,38599,4.165307521820068,3.853961944580078,,,,
86,38619,4.152584075927734,3.908205270767212,,,,
86,38639,4.363018989562988,4.3923139572143555,,,,
86,38659,4.026022911071777,3.862447500228882,,,,
86,38679,4.030386924743652,3.863562822341919,,,,
86,38699,3.9333109855651855,3.786310911178589,,,,
86,38719,4.534425735473633,4.824350357055664,,,,
86,38739,4.118225574493408,3.952761650085449,,,,
86,38759,4.335412979125977,5.296158790588379,,,,
86,38779,4.219573020935059,4.076630115509033,,,,
86,38799,4.09503173828125,3.953040838241577,,,,
86,38819,4.215239524841309,4.283573627471924,,,,
86,38839,4.46508264541626,4.313067436218262,,,,
86,38859,4.606008052825928,4.570499420166016,,,,
86,38879,3.936408042907715,3.4808530807495117,,,,
86,38888,,,34.409542083740234,20.66801643371582,,
87,38899,3.894049644470215,3.840898036956787,,,,
87,38919,4.133733749389648,3.7698895931243896,,,,
87,38939,5.339189052581787,5.029172897338867,,,,
87,38959,4.29719352722168,4.184462547302246,,,,
87,38979,4.119557857513428,3.9474127292633057,,,,
87,38999,4.384422779083252,4.251716136932373,,,,
87,39019,3.6603450775146484,3.5288071632385254,,,,
87,39039,4.471999645233154,4.328055381774902,,,,
87,39059,4.04954195022583,3.902567148208618,,,,
87,39079,4.055511474609375,3.6265645027160645,,,,
87,39099,4.059764385223389,3.932886838912964,,,,
87,39119,3.803837776184082,3.4516830444335938,,,,
87,39139,4.453984260559082,4.367440223693848,,,,
87,39159,4.391463756561279,4.159830570220947,,,,
87,39179,3.8968820571899414,3.6977806091308594,,,,
87,39199,4.577768325805664,4.675673961639404,,,,
87,39219,3.600790023803711,3.2580015659332275,,,,
87,39239,4.0700907707214355,3.85748553276062,,,,
87,39259,4.0278215408325195,3.861698865890503,,,,
87,39279,4.553735256195068,4.352535724639893,,,,
87,39299,4.307972431182861,4.151668071746826,,,,
87,39319,4.408341407775879,4.178049087524414,,,,
87,39335,,,36.613277435302734,20.714767456054688,,
88,39339,4.389533519744873,4.276028633117676,,,,
88,39359,4.196249485015869,3.8025760650634766,,,,
88,39379,4.506834506988525,4.379766941070557,,,,
88,39399,3.911226511001587,3.686861991882324,,,,
88,39419,3.881563425064087,3.7234933376312256,,,,
88,39439,4.405839920043945,4.279757976531982,,,,
88,39459,3.7231130599975586,3.4168753623962402,,,,
88,39479,3.9224445819854736,3.7362585067749023,,,,
88,39499,4.041233062744141,3.933513879776001,,,,
88,39519,4.461697578430176,4.2934746742248535,,,,
88,39539,3.7963104248046875,3.641846179962158,,,,
88,39559,3.986769199371338,3.8821585178375244,,,,
88,39579,4.3573150634765625,3.897646903991699,,,,
88,39599,3.9407119750976562,3.644810438156128,,,,
88,39619,4.010014057159424,3.6883301734924316,,,,
88,39639,4.124487400054932,3.819985866546631,,,,
88,39659,4.3933844566345215,4.168900966644287,,,,
88,39679,3.9428696632385254,3.7610182762145996,,,,
88,39699,4.119145393371582,3.9754278659820557,,,,
88,39719,4.40098762512207,4.467931747436523,,,,
88,39739,4.186553955078125,3.785546064376831,,,,
88,39759,4.198229789733887,3.9759466648101807,,,,
88,39779,4.094775199890137,3.8739240169525146,,,,
88,39782,,,38.22444534301758,20.621912002563477,,
89,39783,,,,,14.98959732055664,57.79267883300781
